processed_name,proper_name,suggested_unit,suggested_unit_url,url
c10 c14 hydrocarbon fraction concentration,C10 - C14 hydrocarbon fraction concentration,Milligrams Per Litre | Micrograms Per Litre,http://registry.it.csiro.au/def/environment/unit/MilligramsPerLitre | http://registry.it.csiro.au/def/environment/unit/MicrogramsPerLitre,http://registry.it.csiro.au/def/environment/property/C10_C14_Fraction_concentration
c10 c236 hydrocarbon fraction concentration,C10 - C236 hydrocarbon fraction concentration,Milligrams Per Litre,http://registry.it.csiro.au/def/environment/unit/MilligramsPerLitre,http://registry.it.csiro.au/def/environment/property/C10_C36_Fraction_concentration
c15 c28 hydrocarbon fraction concentration,C15 - C28 hydrocarbon fraction concentration,Micrograms Per Litre | Milligrams Per Litre,http://registry.it.csiro.au/def/environment/unit/MicrogramsPerLitre | http://registry.it.csiro.au/def/environment/unit/MilligramsPerLitre,http://registry.it.csiro.au/def/environment/property/C15_C28_Fraction_concentration
c29 c36 hydrocarbon fraction concentration,C29 - C36 hydrocarbon fraction concentration,Micrograms Per Litre | Milligrams Per Litre,http://registry.it.csiro.au/def/environment/unit/MicrogramsPerLitre | http://registry.it.csiro.au/def/environment/unit/MilligramsPerLitre,http://registry.it.csiro.au/def/environment/property/C29_C36_Fraction_concentration
c6 c9 hydrocarbon fraction concentration,C6 - C9 hydrocarbon fraction concentration,Milligrams Per Litre | Micrograms Per Litre,http://registry.it.csiro.au/def/environment/unit/MilligramsPerLitre | http://registry.it.csiro.au/def/environment/unit/MicrogramsPerLitre,http://registry.it.csiro.au/def/environment/property/C6_C9_Fraction_concentration
36cl cl ratio,36Cl_Cl ratio,Unitless,http://qudt.org/vocab/unit#Unitless,http://registry.it.csiro.au/def/environment/property/Cl_36_ratio
ph,pH,pH,http://registry.it.csiro.au/def/environment/unit/pH,http://registry.it.csiro.au/def/environment/property/PH
absorption by colored dissolved organic matter,absorption by colored dissolved organic matter,Reciprocal  Meter,http://registry.it.csiro.au/def/environment/unit/Reciprocal_Meter,http://registry.it.csiro.au/def/environment/property/absorption_by_colored_dissolved_organic_solids
absorption by coloured and detrital matter,absorption by coloured and detrital matter,Reciprocal  Meter,http://registry.it.csiro.au/def/environment/unit/Reciprocal_Meter,http://registry.it.csiro.au/def/environment/property/absorption_by_coloured_and_detrital_matter
absorption by non algal particles,absorption by non-algal particles,Reciprocal  Meter,http://registry.it.csiro.au/def/environment/unit/Reciprocal_Meter,http://registry.it.csiro.au/def/environment/property/absorption_by_non-algal_particles
absorption by particles,absorption by particles,Reciprocal  Meter,http://registry.it.csiro.au/def/environment/unit/Reciprocal_Meter,http://registry.it.csiro.au/def/environment/property/absorption_by_particles
absorption by phytoplankton,absorption by phytoplankton,Reciprocal  Meter,http://registry.it.csiro.au/def/environment/unit/Reciprocal_Meter,http://registry.it.csiro.au/def/environment/property/absorption_by_phytoplankton
total absorption,total absorption,Reciprocal  Meter,http://registry.it.csiro.au/def/environment/unit/Reciprocal_Meter,http://registry.it.csiro.au/def/environment/property/absorption_total
acenaphthylene concentration,acenaphthylene concentration,Milligrams Per Litre | Micrograms Per Litre,http://registry.it.csiro.au/def/environment/unit/MilligramsPerLitre | http://registry.it.csiro.au/def/environment/unit/MicrogramsPerLitre,http://registry.it.csiro.au/def/environment/property/acenaphthylene_concentration
actinide concentration,actinide concentration,,,http://registry.it.csiro.au/def/environment/property/actinide_concentration
active sediment layer thickness,active sediment layer thickness,Meter,http://qudt.org/vocab/unit#Meter,http://registry.it.csiro.au/def/environment/property/active_sediment_layer_thickness
air pressure,air pressure,Pascal,http://qudt.org/vocab/unit#Pascal,http://registry.it.csiro.au/def/environment/property/air_pressure
air temperature,air temperature,Degree Celsius,http://qudt.org/vocab/unit#DegreeCelsius,http://registry.it.csiro.au/def/environment/property/air_temperature
aldrin concentration,aldrin concentration,Micrograms Per Litre,http://registry.it.csiro.au/def/environment/unit/MicrogramsPerLitre,http://registry.it.csiro.au/def/environment/property/aldrin_concentration
alkali metal concentration,alkali metal concentration,,,http://registry.it.csiro.au/def/environment/property/alkali_metal_concentration
alkaline earth metal concentration,alkaline earth metal concentration,,,http://registry.it.csiro.au/def/environment/property/alkaline_earth_metal_concentration
bicarbonate alkalinity as caco3,bicarbonate alkalinity as CaCO3,Milligrams Per Litre,http://registry.it.csiro.au/def/environment/unit/MilligramsPerLitre,http://registry.it.csiro.au/def/environment/property/alkalinity-bicarbonate_as_CaCO3
carbonate alkalinity as caco3,carbonate alkalinity as CaCO3,Milligrams Per Litre | Mol Percent,http://registry.it.csiro.au/def/environment/unit/MilligramsPerLitre | http://registry.it.csiro.au/def/environment/unit/MolPercent,http://registry.it.csiro.au/def/environment/property/alkalinity-carbonate_as_CaCO3
hydroxide alkalinity as caco3,hydroxide alkalinity as CaCO3,Milligrams Per Litre,http://registry.it.csiro.au/def/environment/unit/MilligramsPerLitre,http://registry.it.csiro.au/def/environment/property/alkalinity-hydroxide_as_CaCO3
residual alkalinity hazard,residual alkalinity hazard,Milli Equivalent Per Litre,http://registry.it.csiro.au/def/environment/unit/MilliEquivalentPerLitre,http://registry.it.csiro.au/def/environment/property/alkalinity-residual_hazard
total alkalinity as caco3,total alkalinity as CaCO3,Milligrams Per Litre,http://registry.it.csiro.au/def/environment/unit/MilligramsPerLitre,http://registry.it.csiro.au/def/environment/property/alkalinity_total_CaCO3
alpha endosulfan concentration,alpha-endosulfan concentration,Micrograms Per Litre,http://registry.it.csiro.au/def/environment/unit/MicrogramsPerLitre,http://registry.it.csiro.au/def/environment/property/alpha-endosulfan_concentration
alpha hexachlorocyclohexane concentration,alpha-hexachlorocyclohexane concentration,Micrograms Per Litre,http://registry.it.csiro.au/def/environment/unit/MicrogramsPerLitre,http://registry.it.csiro.au/def/environment/property/alpha-hexachlorocyclohexane_concentration
aluminium concentration,aluminium concentration,Milligrams Per Litre | Micrograms Per Litre,http://registry.it.csiro.au/def/environment/unit/MilligramsPerLitre | http://registry.it.csiro.au/def/environment/unit/MicrogramsPerLitre,http://registry.it.csiro.au/def/environment/property/aluminium_concentration
ammonia and ammonium as nh4 concentration,ammonia and ammonium as NH4 concentration,,,http://registry.it.csiro.au/def/environment/property/ammonia_ammonium_as_NH4_concentration
ammonia and ammonium as n concentration,ammonia and ammonium as N concentration,,,http://registry.it.csiro.au/def/environment/property/ammonia_ammonium_as_N_concentration
ammonia and ammonium concentration,ammonia and ammonium concentration,,,http://registry.it.csiro.au/def/environment/property/ammonia_ammonium_concentration
ammonia as n concentration,ammonia as N concentration,Milligrams Per Litre | Milligrams Per Cubic Meter,http://registry.it.csiro.au/def/environment/unit/MilligramsPerLitre | http://registry.it.csiro.au/def/environment/unit/MilligramsPerCubicMeter,http://registry.it.csiro.au/def/environment/property/ammonia_as_N_concentration
ammonia concentration,ammonia concentration,,,http://registry.it.csiro.au/def/environment/property/ammonia_concentration
ammonium as n concentration,ammonium as N concentration,,,http://registry.it.csiro.au/def/environment/property/ammonium_as_N_concentration
ammonium nh4 concentration,ammonium (NH4) concentration,,,http://registry.it.csiro.au/def/environment/property/ammonium_concentration
anion concentration,anion concentration,Milli Equivalent Per Litre,http://registry.it.csiro.au/def/environment/unit/MilliEquivalentPerLitre,http://registry.it.csiro.au/def/environment/property/anion_concentration
anthracene concentration,anthracene concentration,Milligrams Per Litre | Micrograms Per Litre,http://registry.it.csiro.au/def/environment/unit/MilligramsPerLitre | http://registry.it.csiro.au/def/environment/unit/MicrogramsPerLitre,http://registry.it.csiro.au/def/environment/property/anthracene_concentration
anthracene d10 concentration,anthracene-d10 concentration,Milligrams Per Litre,http://registry.it.csiro.au/def/environment/unit/MilligramsPerLitre,http://registry.it.csiro.au/def/environment/property/anthracene_d10_concentration
antimony concentration,antimony concentration,Milligrams Per Litre,http://registry.it.csiro.au/def/environment/unit/MilligramsPerLitre,http://registry.it.csiro.au/def/environment/property/antimony_concentration
arsenic concentration,arsenic concentration,Milligrams Per Litre | Micrograms Per Litre,http://registry.it.csiro.au/def/environment/unit/MilligramsPerLitre | http://registry.it.csiro.au/def/environment/unit/MicrogramsPerLitre,http://registry.it.csiro.au/def/environment/property/arsenic_concentration
attenuation coefficient with depth,attenuation coefficient with depth,Reciprocal  Meter,http://registry.it.csiro.au/def/environment/unit/Reciprocal_Meter,http://registry.it.csiro.au/def/environment/property/attenuation_coefficient_with_depth
backscatter by non algal particles,backscatter by non-algal particles,Reciprocal  Meter,http://registry.it.csiro.au/def/environment/unit/Reciprocal_Meter,http://registry.it.csiro.au/def/environment/property/backscatter_by_non-algal_particles
backscatter by particles,backscatter by particles,Reciprocal  Meter,http://registry.it.csiro.au/def/environment/unit/Reciprocal_Meter,http://registry.it.csiro.au/def/environment/property/backscatter_by_particles
backscatter by phytoplankton,backscatter by phytoplankton,Reciprocal  Meter,http://registry.it.csiro.au/def/environment/unit/Reciprocal_Meter,http://registry.it.csiro.au/def/environment/property/backscatter_by_phytoplankton
total bacteria,total bacteria,Colony Forming Unit,http://qudt.org/vocab/unit#ColonyFormingUnit,http://registry.it.csiro.au/def/environment/property/bacteria_total
barium concentration,barium concentration,Milligrams Per Litre,http://registry.it.csiro.au/def/environment/unit/MilligramsPerLitre,http://registry.it.csiro.au/def/environment/property/barium_concentration
benzaanthracene concentration,benz[a]anthracene concentration,Milligrams Per Litre,http://registry.it.csiro.au/def/environment/unit/MilligramsPerLitre,http://registry.it.csiro.au/def/environment/property/benz_a_anthracene_concentration
benzene concentration,benzene concentration,Milligrams Per Litre | Micrograms Per Litre,http://registry.it.csiro.au/def/environment/unit/MilligramsPerLitre | http://registry.it.csiro.au/def/environment/unit/MicrogramsPerLitre,http://registry.it.csiro.au/def/environment/property/benzene_concentration
benzene  toluene  ethylbenzene  xylene concentration,"benzene, toluene, ethylbenzene, xylene concentration",Micrograms Per Litre | Milligrams Per Litre,http://registry.it.csiro.au/def/environment/unit/MicrogramsPerLitre | http://registry.it.csiro.au/def/environment/unit/MilligramsPerLitre,http://registry.it.csiro.au/def/environment/property/benzene_toluene_ethylbenzene_xylene_concentration
benzoapyrene concentration,benzo[a]pyrene concentration,Micrograms Per Litre | Milligrams Per Litre,http://registry.it.csiro.au/def/environment/unit/MicrogramsPerLitre | http://registry.it.csiro.au/def/environment/unit/MilligramsPerLitre,http://registry.it.csiro.au/def/environment/property/benzo_a_pyrene_concentration
benzobfluoranthene concentration,benzo[b]fluoranthene concentration,Micrograms Per Litre | Milligrams Per Litre,http://registry.it.csiro.au/def/environment/unit/MicrogramsPerLitre | http://registry.it.csiro.au/def/environment/unit/MilligramsPerLitre,http://registry.it.csiro.au/def/environment/property/benzo_b_fluoranthene_concentration
benzoghiperylene concentration,benzo[ghi]perylene concentration,Milligrams Per Litre | Micrograms Per Litre,http://registry.it.csiro.au/def/environment/unit/MilligramsPerLitre | http://registry.it.csiro.au/def/environment/unit/MicrogramsPerLitre,http://registry.it.csiro.au/def/environment/property/benzo_ghi_perylene_concentration
benzokfluoranthene concentration,benzo[k]fluoranthene concentration,Milligrams Per Litre | Micrograms Per Litre,http://registry.it.csiro.au/def/environment/unit/MilligramsPerLitre | http://registry.it.csiro.au/def/environment/unit/MicrogramsPerLitre,http://registry.it.csiro.au/def/environment/property/benzo_k_fluoranthene_concentration
beryllium concentration,beryllium concentration,Micrograms Per Litre | Milligrams Per Litre,http://registry.it.csiro.au/def/environment/unit/MicrogramsPerLitre | http://registry.it.csiro.au/def/environment/unit/MilligramsPerLitre,http://registry.it.csiro.au/def/environment/property/beryllium_concentration
beta endosulfan concentration,beta-endosulfan concentration,Micrograms Per Litre,http://registry.it.csiro.au/def/environment/unit/MicrogramsPerLitre,http://registry.it.csiro.au/def/environment/property/beta-endosulfan_concentration
bicarbonate concentration,bicarbonate concentration,,,http://registry.it.csiro.au/def/environment/property/bicarbonate_concentration
biochemical oxygen demand,biochemical oxygen demand,Milligrams Per Litre,http://registry.it.csiro.au/def/environment/unit/MilligramsPerLitre,http://registry.it.csiro.au/def/environment/property/biochemical_oxygen_demand
20 day biochemical oxygen demand,20 day biochemical oxygen demand,,,http://registry.it.csiro.au/def/environment/property/biochemical_oxygen_demand_20_day
20 day nitrogenous biochemical oxygen demand,20 day nitrogenous biochemical oxygen demand,,,http://registry.it.csiro.au/def/environment/property/biochemical_oxygen_demand_20_day_nitrogenous
5 day biochemical oxygen demand,5 day biochemical oxygen demand,,,http://registry.it.csiro.au/def/environment/property/biochemical_oxygen_demand_5_day
5 day carbonaceous biochemical oxygen demand,5 day carbonaceous biochemical oxygen demand,,,http://registry.it.csiro.au/def/environment/property/biochemical_oxygen_demand_5_day_carbonaceous
5 day nitrogenous biochemical oxygen demand,5 day nitrogenous biochemical oxygen demand,,,http://registry.it.csiro.au/def/environment/property/biochemical_oxygen_demand_5_day_nitrogenous
carbonaceous biochemical oxygen demand,carbonaceous biochemical oxygen demand,,,http://registry.it.csiro.au/def/environment/property/biochemical_oxygen_demand_carbonaceous
nitrogenous biochemical oxygen demand,nitrogenous biochemical oxygen demand,,,http://registry.it.csiro.au/def/environment/property/biochemical_oxygen_demand_nitrogenous
bismuth concentration,bismuth concentration,Milligrams Per Litre,http://registry.it.csiro.au/def/environment/unit/MilligramsPerLitre,http://registry.it.csiro.au/def/environment/property/bismuth_concentration
boron concentration,boron concentration,Milligrams Per Litre,http://registry.it.csiro.au/def/environment/unit/MilligramsPerLitre,http://registry.it.csiro.au/def/environment/property/boron_concentration
bromide concentration,bromide concentration,Milligrams Per Litre,http://registry.it.csiro.au/def/environment/unit/MilligramsPerLitre,http://registry.it.csiro.au/def/environment/property/bromide_concentration
bromine concentration,bromine concentration,Milligrams Per Litre,http://registry.it.csiro.au/def/environment/unit/MilligramsPerLitre,http://registry.it.csiro.au/def/environment/property/bromine_concentration
1 bromo 4 fluorobenzene concentration,1-bromo-4-fluorobenzene concentration,Micrograms Per Litre | Milligrams Per Litre,http://registry.it.csiro.au/def/environment/unit/MicrogramsPerLitre | http://registry.it.csiro.au/def/environment/unit/MilligramsPerLitre,http://registry.it.csiro.au/def/environment/property/bromo_1-fluorobenzene_4_concentration
bromobenzene concentration,bromobenzene concentration,Milligrams Per Litre,http://registry.it.csiro.au/def/environment/unit/MilligramsPerLitre,http://registry.it.csiro.au/def/environment/property/bromobenzene_concentration
bromochloromethane concentration,bromochloromethane concentration,Milligrams Per Litre,http://registry.it.csiro.au/def/environment/unit/MilligramsPerLitre,http://registry.it.csiro.au/def/environment/property/bromochloromethane_concentration
bromodichloromethane concentration,bromodichloromethane concentration,Micrograms Per Litre | Milligrams Per Litre,http://registry.it.csiro.au/def/environment/unit/MicrogramsPerLitre | http://registry.it.csiro.au/def/environment/unit/MilligramsPerLitre,http://registry.it.csiro.au/def/environment/property/bromodichloromethane_concentration
bromomethane concentration,bromomethane concentration,Milligrams Per Litre,http://registry.it.csiro.au/def/environment/unit/MilligramsPerLitre,http://registry.it.csiro.au/def/environment/property/bromomethane_concentration
bromophos ethyl concentration,bromophos-ethyl concentration,Micrograms Per Litre,http://registry.it.csiro.au/def/environment/unit/MicrogramsPerLitre,http://registry.it.csiro.au/def/environment/property/bromophos-ethyl_concentration
butane concentration,butane concentration,Mol Percent,http://registry.it.csiro.au/def/environment/unit/MolPercent,http://registry.it.csiro.au/def/environment/property/butane_concentration
butanone concentration,butanone concentration,Milligrams Per Litre,http://registry.it.csiro.au/def/environment/unit/MilligramsPerLitre,http://registry.it.csiro.au/def/environment/property/butanone_concentration
cadmium concentration,cadmium concentration,Milligrams Per Litre | Micrograms Per Litre,http://registry.it.csiro.au/def/environment/unit/MilligramsPerLitre | http://registry.it.csiro.au/def/environment/unit/MicrogramsPerLitre,http://registry.it.csiro.au/def/environment/property/cadmium_concentration
caesium concentration,caesium concentration,Milligrams Per Litre,http://registry.it.csiro.au/def/environment/unit/MilligramsPerLitre,http://registry.it.csiro.au/def/environment/property/caesium_concentration
calcium carbonate concentration,calcium carbonate concentration,,,http://registry.it.csiro.au/def/environment/property/calcium_carbonate_concentration
calcium concentration,calcium concentration,Milligrams Per Kilogram | Percent | Milligrams Per Litre,http://registry.it.csiro.au/def/environment/unit/MilligramsPerKilogram | http://qudt.org/vocab/unit#Percent | http://registry.it.csiro.au/def/environment/unit/MilligramsPerLitre,http://registry.it.csiro.au/def/environment/property/calcium_concentration
carbon 13 concentration,carbon 13 concentration,Percent,http://qudt.org/vocab/unit#Percent,http://registry.it.csiro.au/def/environment/property/carbon_13_concentration
carbon 14 concentration,carbon 14 concentration,Percent,http://qudt.org/vocab/unit#Percent,http://registry.it.csiro.au/def/environment/property/carbon_14_concentration
carbon average content,carbon - average content,Milligrams Per Kilogram,http://registry.it.csiro.au/def/environment/unit/MilligramsPerKilogram,http://registry.it.csiro.au/def/environment/property/carbon_average_content
carbon concentration,carbon concentration,,,http://registry.it.csiro.au/def/environment/property/carbon_concentration
total dissolved carbon dioxide concentration,total dissolved carbon dioxide concentration,Mol Percent | Percent | Milligrams Per Litre,http://registry.it.csiro.au/def/environment/unit/MolPercent | http://qudt.org/vocab/unit#Percent | http://registry.it.csiro.au/def/environment/unit/MilligramsPerLitre,http://registry.it.csiro.au/def/environment/property/carbon_dioxide_concentration
carbon dioxide flux,carbon dioxide flux,,,http://registry.it.csiro.au/def/environment/property/carbon_dioxide_flux
carbon dioxide storage flux,carbon dioxide storage flux,,,http://registry.it.csiro.au/def/environment/property/carbon_dioxide_storage_flux
carbon dissolved inorganic concentration,carbon - dissolved inorganic concentration,,,http://registry.it.csiro.au/def/environment/property/carbon_dissolved_inorganic_concentration
carbon dissolved organic concentration,carbon - dissolved organic concentration,,,http://registry.it.csiro.au/def/environment/property/carbon_dissolved_organic_concentration
carbon disulfide concentration,carbon disulfide concentration,Milligrams Per Litre,http://registry.it.csiro.au/def/environment/unit/MilligramsPerLitre,http://registry.it.csiro.au/def/environment/property/carbon_disulfide_concentration
carbon inorganic concentration,carbon - inorganic concentration,,,http://registry.it.csiro.au/def/environment/property/carbon_inorganic_concentration
carbon monoxide concentration,carbon monoxide concentration,,,http://registry.it.csiro.au/def/environment/property/carbon_monoxide_concentration
carbon organic concentration,carbon - organic concentration,,,http://registry.it.csiro.au/def/environment/property/carbon_organic_concentration
carbon suspended inorganic concentration,carbon - suspended inorganic concentration,,,http://registry.it.csiro.au/def/environment/property/carbon_suspended_inorganic_concentration
carbon suspended organic concentration,carbon - suspended organic concentration,,,http://registry.it.csiro.au/def/environment/property/carbon_suspended_organic_concentration
carbon suspended total,carbon - suspended total,,,http://registry.it.csiro.au/def/environment/property/carbon_suspended_total
carbonate concentration,carbonate concentration,,,http://registry.it.csiro.au/def/environment/property/carbonate_concentration
cation concentration,cation concentration,Milli Equivalent Per Litre | Percent,http://registry.it.csiro.au/def/environment/unit/MilliEquivalentPerLitre | http://qudt.org/vocab/unit#Percent,http://registry.it.csiro.au/def/environment/property/cation_concentration
cerium concentration,cerium concentration,Micrograms Per Litre | Milligrams Per Litre,http://registry.it.csiro.au/def/environment/unit/MicrogramsPerLitre | http://registry.it.csiro.au/def/environment/unit/MilligramsPerLitre,http://registry.it.csiro.au/def/environment/property/cerium_concentration
chemical compound concentration,chemical compound concentration,,,http://registry.it.csiro.au/def/environment/property/chemical_compound_concentration
chemical entity concentration,chemical entity concentration,,,http://registry.it.csiro.au/def/environment/property/chemical_entity_concentration
chemical oxygen demand,chemical oxygen demand,Milligrams Per Litre,http://registry.it.csiro.au/def/environment/unit/MilligramsPerLitre,http://registry.it.csiro.au/def/environment/property/chemical_oxygen_demand
chemistry observable properties@en,chemistry observable properties@en,,,http://registry.it.csiro.au/def/environment/property/chemistry_observables
chlordane concentration,chlordane concentration,Micrograms Per Litre,http://registry.it.csiro.au/def/environment/unit/MicrogramsPerLitre,http://registry.it.csiro.au/def/environment/property/chlordane_concentration
chloride concentration,chloride concentration,Milligrams Per Kilogram | Milligrams Per Litre,http://registry.it.csiro.au/def/environment/unit/MilligramsPerKilogram | http://registry.it.csiro.au/def/environment/unit/MilligramsPerLitre,http://registry.it.csiro.au/def/environment/property/chloride_concentration
chlorinated volatile organic compound concentration,chlorinated volatile organic compound concentration,,,http://registry.it.csiro.au/def/environment/property/chlorinated_volatile_organic_compound_concentration
chlorine 36 concentration,chlorine 36 concentration,Atoms Per Litre,http://registry.it.csiro.au/def/environment/unit/AtomsPerLitre,http://registry.it.csiro.au/def/environment/property/chlorine_36_concentration
chlorine concentration,chlorine concentration,,,http://registry.it.csiro.au/def/environment/property/chlorine_concentration
1 chloro 2 methylbenzene concentration,1-chloro-2-methylbenzene concentration,Milligrams Per Litre,http://registry.it.csiro.au/def/environment/unit/MilligramsPerLitre,http://registry.it.csiro.au/def/environment/property/chloro_1-methylbenzene_2_concentration
1 chloro 4 methylbenzene concentration,1-chloro-4-methylbenzene concentration,Milligrams Per Litre,http://registry.it.csiro.au/def/environment/unit/MilligramsPerLitre,http://registry.it.csiro.au/def/environment/property/chloro_1-methylbenzene_4_concentration
4 chloro 3 methylphenol concentration,4-chloro-3-methylphenol concentration,Milligrams Per Litre | Micrograms Per Litre,http://registry.it.csiro.au/def/environment/unit/MilligramsPerLitre | http://registry.it.csiro.au/def/environment/unit/MicrogramsPerLitre,http://registry.it.csiro.au/def/environment/property/chloro_4-methylphenol_3_concentration
chlorobenzene concentration,chlorobenzene concentration,Micrograms Per Litre | Milligrams Per Litre,http://registry.it.csiro.au/def/environment/unit/MicrogramsPerLitre | http://registry.it.csiro.au/def/environment/unit/MilligramsPerLitre,http://registry.it.csiro.au/def/environment/property/chlorobenzene_concentration
chloroethane concentration,chloroethane concentration,Milligrams Per Litre,http://registry.it.csiro.au/def/environment/unit/MilligramsPerLitre,http://registry.it.csiro.au/def/environment/property/chloroethane_concentration
chloroethene concentration,chloroethene concentration,Milligrams Per Litre,http://registry.it.csiro.au/def/environment/unit/MilligramsPerLitre,http://registry.it.csiro.au/def/environment/property/chloroethene_concentration
chloroform concentration,chloroform concentration,Micrograms Per Litre,http://registry.it.csiro.au/def/environment/unit/MicrogramsPerLitre,http://registry.it.csiro.au/def/environment/property/chloroform_concentration
chloromethane concentration,chloromethane concentration,Milligrams Per Litre,http://registry.it.csiro.au/def/environment/unit/MilligramsPerLitre,http://registry.it.csiro.au/def/environment/property/chloromethane_concentration
2 chlorophenol 3 4 5 6 d4 concentration,"2-chlorophenol-3,4,5,6-D4 concentration",Micrograms Per Litre,http://registry.it.csiro.au/def/environment/unit/MicrogramsPerLitre,http://registry.it.csiro.au/def/environment/property/chlorophenol_2_3456-D4_concentration
2 chlorophenol concentration,2-chlorophenol concentration,Milligrams Per Litre | Micrograms Per Litre,http://registry.it.csiro.au/def/environment/unit/MilligramsPerLitre | http://registry.it.csiro.au/def/environment/unit/MicrogramsPerLitre,http://registry.it.csiro.au/def/environment/property/chlorophenol_2_concentration
chlorophenylmethane concentration,chlorophenylmethane concentration,Milligrams Per Litre,http://registry.it.csiro.au/def/environment/unit/MilligramsPerLitre,http://registry.it.csiro.au/def/environment/property/chlorophenylmethane_concentration
chlorophyll a concentration,chlorophyll a concentration,,,http://registry.it.csiro.au/def/environment/property/chlorophyll_a_concentration
chlorophyll b concentration,chlorophyll b concentration,,,http://registry.it.csiro.au/def/environment/property/chlorophyll_b_concentration
chlorophyll c concentration,chlorophyll c concentration,,,http://registry.it.csiro.au/def/environment/property/chlorophyll_c_concentration
chlorophyll concentration,chlorophyll concentration,,,http://registry.it.csiro.au/def/environment/property/chlorophyll_concentration
chlorpyrifos concentration,chlorpyrifos concentration,Micrograms Per Litre,http://registry.it.csiro.au/def/environment/unit/MicrogramsPerLitre,http://registry.it.csiro.au/def/environment/property/chlorpyrifos_concentration
chromium concentration,chromium concentration,Milligrams Per Litre | Micrograms Per Litre,http://registry.it.csiro.au/def/environment/unit/MilligramsPerLitre | http://registry.it.csiro.au/def/environment/unit/MicrogramsPerLitre,http://registry.it.csiro.au/def/environment/property/chromium_concentration
chromium  hexavalent concentration,"chromium, hexavalent concentration",,,http://registry.it.csiro.au/def/environment/property/chromium_hexavalent_concentration
chromium  trivalent concentration,"chromium, trivalent concentration",,,http://registry.it.csiro.au/def/environment/property/chromium_trivalent_concentration
chrysene concentration,chrysene concentration,Micrograms Per Litre | Milligrams Per Litre,http://registry.it.csiro.au/def/environment/unit/MicrogramsPerLitre | http://registry.it.csiro.au/def/environment/unit/MilligramsPerLitre,http://registry.it.csiro.au/def/environment/property/chrysene_concentration
clay fraction,clay fraction,Milligrams Per Litre | Kilogram Per Cubic Meter,http://registry.it.csiro.au/def/environment/unit/MilligramsPerLitre | http://qudt.org/vocab/unit#KilogramPerCubicMeter,http://registry.it.csiro.au/def/environment/property/clay_fraction
cobalt concentration,cobalt concentration,Micrograms Per Litre | Milligrams Per Litre,http://registry.it.csiro.au/def/environment/unit/MicrogramsPerLitre | http://registry.it.csiro.au/def/environment/unit/MilligramsPerLitre,http://registry.it.csiro.au/def/environment/property/cobalt_concentration
coliform concentration,coliform concentration,Colony Forming Unit,http://qudt.org/vocab/unit#ColonyFormingUnit,http://registry.it.csiro.au/def/environment/property/coliform_concentration
water colour,water colour,Hazen,http://registry.it.csiro.au/def/environment/unit/Hazen,http://registry.it.csiro.au/def/environment/property/colour_water
copper concentration,copper concentration,Milligrams Per Litre,http://registry.it.csiro.au/def/environment/unit/MilligramsPerLitre,http://registry.it.csiro.au/def/environment/property/copper_concentration
crocodile concentration,crocodile concentration,Number,http://qudt.org/vocab/unit#Number,http://registry.it.csiro.au/def/environment/property/crocodile_concentration
degree heating days@en,degree heating days@en,Day,http://qudt.org/vocab/unit#Day,http://registry.it.csiro.au/def/environment/property/degree_heating_day_counts
degree heating days,degree heating days,Degree Celsius Heating Day,http://registry.it.csiro.au/def/environment/unit/DegreeCelsiusHeatingDay,http://registry.it.csiro.au/def/environment/property/degree_heating_days
deuterium concentration,deuterium concentration,,,http://registry.it.csiro.au/def/environment/property/deuterium_concentration
dew point temperature,dew point temperature,Degree Celsius,http://qudt.org/vocab/unit#DegreeCelsius,http://registry.it.csiro.au/def/environment/property/dew_point_temperature
dibenza hanthracene concentration,"dibenz[a,h]anthracene concentration",Micrograms Per Litre | Milligrams Per Litre,http://registry.it.csiro.au/def/environment/unit/MicrogramsPerLitre | http://registry.it.csiro.au/def/environment/unit/MilligramsPerLitre,http://registry.it.csiro.au/def/environment/property/dibenz_a_h_anthracene_concentration
1 2 dibromo 3 chloropropane concentration,"1,2-dibromo-3-chloropropane concentration",Milligrams Per Litre,http://registry.it.csiro.au/def/environment/unit/MilligramsPerLitre,http://registry.it.csiro.au/def/environment/property/dibromo-3-chloropropane_12_concentration
dibromochloromethane concentration,dibromochloromethane concentration,Milligrams Per Litre | Micrograms Per Litre,http://registry.it.csiro.au/def/environment/unit/MilligramsPerLitre | http://registry.it.csiro.au/def/environment/unit/MicrogramsPerLitre,http://registry.it.csiro.au/def/environment/property/dibromochloromethane_concentration
1 2 dibromoethane concentration,"1,2-dibromoethane concentration",Milligrams Per Litre,http://registry.it.csiro.au/def/environment/unit/MilligramsPerLitre,http://registry.it.csiro.au/def/environment/property/dibromoethane_12_concentration
dibromomethane concentration,dibromomethane concentration,Milligrams Per Litre,http://registry.it.csiro.au/def/environment/unit/MilligramsPerLitre,http://registry.it.csiro.au/def/environment/property/dibromomethane_concentration
1 1 dichloro 1 propene concentration,"1,1-dichloro-1-propene concentration",Milligrams Per Litre,http://registry.it.csiro.au/def/environment/unit/MilligramsPerLitre,http://registry.it.csiro.au/def/environment/property/dichloro-1-propene_11_concentration
cis 1 4 dichloro 2 butene concentration,"cis-1,4-dichloro-2-butene concentration",Milligrams Per Litre,http://registry.it.csiro.au/def/environment/unit/MilligramsPerLitre,http://registry.it.csiro.au/def/environment/property/dichloro_14-butene_2-cis_concentration
1 2 dichlorobenzene concentration,"1,2-dichlorobenzene concentration",Micrograms Per Litre | Milligrams Per Litre,http://registry.it.csiro.au/def/environment/unit/MicrogramsPerLitre | http://registry.it.csiro.au/def/environment/unit/MilligramsPerLitre,http://registry.it.csiro.au/def/environment/property/dichlorobenzene_12_concentration
1 3 dichlorobenzene concentration,"1,3-dichlorobenzene concentration",Milligrams Per Litre | Micrograms Per Litre,http://registry.it.csiro.au/def/environment/unit/MilligramsPerLitre | http://registry.it.csiro.au/def/environment/unit/MicrogramsPerLitre,http://registry.it.csiro.au/def/environment/property/dichlorobenzene_13_concentration
1 4 dichlorobenzene concentration,"1,4-dichlorobenzene concentration",Milligrams Per Litre | Micrograms Per Litre,http://registry.it.csiro.au/def/environment/unit/MilligramsPerLitre | http://registry.it.csiro.au/def/environment/unit/MicrogramsPerLitre,http://registry.it.csiro.au/def/environment/property/dichlorobenzene_14_concentration
dichlorodifluoromethane concentration,dichlorodifluoromethane concentration,Milligrams Per Litre,http://registry.it.csiro.au/def/environment/unit/MilligramsPerLitre,http://registry.it.csiro.au/def/environment/property/dichlorodifluoromethane_concentration
dichlorodiphenyldichloroethane concentration,dichlorodiphenyldichloroethane concentration,Micrograms Per Litre,http://registry.it.csiro.au/def/environment/unit/MicrogramsPerLitre,http://registry.it.csiro.au/def/environment/property/dichlorodiphenyldichloroethane_concentration
dichlorodiphenyldichloroethylene concentration,dichlorodiphenyldichloroethylene concentration,Micrograms Per Litre,http://registry.it.csiro.au/def/environment/unit/MicrogramsPerLitre,http://registry.it.csiro.au/def/environment/property/dichlorodiphenyldichloroethylene_concentration
dichlorodiphenyltrichloroethane concentration,dichlorodiphenyltrichloroethane concentration,Micrograms Per Litre,http://registry.it.csiro.au/def/environment/unit/MicrogramsPerLitre,http://registry.it.csiro.au/def/environment/property/dichlorodiphenyltrichloroethane_concentration
1 1 dichloroethane concentration,"1,1-dichloroethane concentration",Micrograms Per Litre | Milligrams Per Litre,http://registry.it.csiro.au/def/environment/unit/MicrogramsPerLitre | http://registry.it.csiro.au/def/environment/unit/MilligramsPerLitre,http://registry.it.csiro.au/def/environment/property/dichloroethane_11_concentration
1 2 dichloroethane d4 concentration,"1,2-dichloroethane-D4 concentration",Milligrams Per Litre,http://registry.it.csiro.au/def/environment/unit/MilligramsPerLitre,http://registry.it.csiro.au/def/environment/property/dichloroethane_12-D4_concentration
1 2 dichloroethane concentration,"1,2-dichloroethane concentration",Micrograms Per Litre | Milligrams Per Litre,http://registry.it.csiro.au/def/environment/unit/MicrogramsPerLitre | http://registry.it.csiro.au/def/environment/unit/MilligramsPerLitre,http://registry.it.csiro.au/def/environment/property/dichloroethane_12_concentration
1 1 dichloroethene concentration,"1,1-dichloroethene concentration",Milligrams Per Litre,http://registry.it.csiro.au/def/environment/unit/MilligramsPerLitre,http://registry.it.csiro.au/def/environment/property/dichloroethene_11_concentration
cis 1 2 dichloroethene concentration,"cis-1,2-dichloroethene concentration",Milligrams Per Litre,http://registry.it.csiro.au/def/environment/unit/MilligramsPerLitre,http://registry.it.csiro.au/def/environment/property/dichloroethene_cis_12_concentration
dichloromethane concentration,dichloromethane concentration,Milligrams Per Litre,http://registry.it.csiro.au/def/environment/unit/MilligramsPerLitre,http://registry.it.csiro.au/def/environment/property/dichloromethane_concentration
2 4 dichlorophenol concentration,"2,4-dichlorophenol concentration",Micrograms Per Litre | Milligrams Per Litre,http://registry.it.csiro.au/def/environment/unit/MicrogramsPerLitre | http://registry.it.csiro.au/def/environment/unit/MilligramsPerLitre,http://registry.it.csiro.au/def/environment/property/dichlorophenol_24_concentration
2 6 dichlorophenol concentration,"2,6-dichlorophenol concentration",Milligrams Per Litre | Micrograms Per Litre,http://registry.it.csiro.au/def/environment/unit/MilligramsPerLitre | http://registry.it.csiro.au/def/environment/unit/MicrogramsPerLitre,http://registry.it.csiro.au/def/environment/property/dichlorophenol_26_concentration
1 2 dichloropropane concentration,"1,2-dichloropropane concentration",Milligrams Per Litre,http://registry.it.csiro.au/def/environment/unit/MilligramsPerLitre,http://registry.it.csiro.au/def/environment/property/dichloropropane_12_concentration
1 3 dichloropropane concentration,"1,3-dichloropropane concentration",Milligrams Per Litre,http://registry.it.csiro.au/def/environment/unit/MilligramsPerLitre,http://registry.it.csiro.au/def/environment/property/dichloropropane_13_concentration
2 2 dichloropropane concentration,"2,2-dichloropropane concentration",Milligrams Per Litre,http://registry.it.csiro.au/def/environment/unit/MilligramsPerLitre,http://registry.it.csiro.au/def/environment/property/dichloropropane_22_concentration
cis 1 3 dichloropropene concentration,"cis-1,3-dichloropropene concentration",Milligrams Per Litre,http://registry.it.csiro.au/def/environment/unit/MilligramsPerLitre,http://registry.it.csiro.au/def/environment/property/dichloropropene_cis_13_concentration
dieldrin concentration,dieldrin concentration,Micrograms Per Litre,http://registry.it.csiro.au/def/environment/unit/MicrogramsPerLitre,http://registry.it.csiro.au/def/environment/property/dieldrin_concentration
1 2 dihydroacenaphthylene concentration,"1,2-dihydroacenaphthylene concentration",Micrograms Per Litre | Milligrams Per Litre,http://registry.it.csiro.au/def/environment/unit/MicrogramsPerLitre | http://registry.it.csiro.au/def/environment/unit/MilligramsPerLitre,http://registry.it.csiro.au/def/environment/property/dihydroacenaphthylene_12_concentration
1 3 1 4 dimethylbenzene concentration,"1,3-1,4 dimethylbenzene concentration",Milligrams Per Litre,http://registry.it.csiro.au/def/environment/unit/MilligramsPerLitre,http://registry.it.csiro.au/def/environment/property/dimethylbenzene_13-14_concentration
2 4 dimethylphenol concentration,"2,4-dimethylphenol concentration",Micrograms Per Litre | Milligrams Per Litre,http://registry.it.csiro.au/def/environment/unit/MicrogramsPerLitre | http://registry.it.csiro.au/def/environment/unit/MilligramsPerLitre,http://registry.it.csiro.au/def/environment/property/dimethylphenol_24_concentration
2 2 dimethylpropane concentration,"2,2-dimethylpropane concentration",Mol Percent,http://registry.it.csiro.au/def/environment/unit/MolPercent,http://registry.it.csiro.au/def/environment/property/dimethylpropane_2_2_concentration
discharge,discharge,Megalitre Per Week | Megalitre Per Day | Litre Per Second | Cubic Meter Per Second | Megalitre Per Month | Cubic Meter Per Hour,http://registry.it.csiro.au/def/environment/unit/MegalitrePerWeek | http://registry.it.csiro.au/def/environment/unit/MegalitrePerDay | http://registry.it.csiro.au/def/environment/unit/LitrePerSecond | http://qudt.org/vocab/unit#CubicMeterPerSecond | http://registry.it.csiro.au/def/environment/unit/MegalitrePerMonth | http://qudt.org/vocab/unit#CubicMeterPerHour,http://registry.it.csiro.au/def/environment/property/discharge
dysprosium concentration,dysprosium concentration,Milligrams Per Litre | Micrograms Per Litre,http://registry.it.csiro.au/def/environment/unit/MilligramsPerLitre | http://registry.it.csiro.au/def/environment/unit/MicrogramsPerLitre,http://registry.it.csiro.au/def/environment/property/dysprosium_concentration
electrical conductivity of water,electrical conductivity of water,Milli Siemens Per Centimetre | Milligrams Per Litre | Micro Siemens Per Centimetre,http://registry.it.csiro.au/def/environment/unit/MilliSiemensPerCentimetre | http://registry.it.csiro.au/def/environment/unit/MilligramsPerLitre | http://registry.it.csiro.au/def/environment/unit/MicroSiemensPerCentimetre,http://registry.it.csiro.au/def/environment/property/electrical_conductivity_water
water electrical conductivity @ 25c,water electrical conductivity @ 25C,Micro Siemens Per Centimetre | Milligrams Per Litre,http://registry.it.csiro.au/def/environment/unit/MicroSiemensPerCentimetre | http://registry.it.csiro.au/def/environment/unit/MilligramsPerLitre,http://registry.it.csiro.au/def/environment/property/electrical_conductivity_water_at_25C
endosulfan concentration,endosulfan concentration,,,http://registry.it.csiro.au/def/environment/property/endosulfan_concentration
endrin concentration,endrin concentration,Micrograms Per Litre,http://registry.it.csiro.au/def/environment/unit/MicrogramsPerLitre,http://registry.it.csiro.au/def/environment/property/endrin_concentration
erbium concentration,erbium concentration,Milligrams Per Litre | Micrograms Per Litre,http://registry.it.csiro.au/def/environment/unit/MilligramsPerLitre | http://registry.it.csiro.au/def/environment/unit/MicrogramsPerLitre,http://registry.it.csiro.au/def/environment/property/erbium_concentration
escherichia coli count,escherichia coli count,Colony Forming Unit,http://qudt.org/vocab/unit#ColonyFormingUnit,http://registry.it.csiro.au/def/environment/property/escherichia_coli_count
estuarine crocodile concentration,estuarine crocodile concentration,Number,http://qudt.org/vocab/unit#Number,http://registry.it.csiro.au/def/environment/property/estuarine_crocodile_concentration
ethane concentration,ethane concentration,Mol Percent,http://registry.it.csiro.au/def/environment/unit/MolPercent,http://registry.it.csiro.au/def/environment/property/ethane_concentration
ethenyl acetate concentration,ethenyl acetate concentration,Milligrams Per Litre,http://registry.it.csiro.au/def/environment/unit/MilligramsPerLitre,http://registry.it.csiro.au/def/environment/property/ethenyl_acetate_concentration
ethion concentration,ethion concentration,Micrograms Per Litre,http://registry.it.csiro.au/def/environment/unit/MicrogramsPerLitre,http://registry.it.csiro.au/def/environment/property/ethion_concentration
ethyl acetate concentration,ethyl acetate concentration,,,http://registry.it.csiro.au/def/environment/property/ethyl_acetate_concentration
ethylbenzene concentration,ethylbenzene concentration,Micrograms Per Litre | Milligrams Per Litre,http://registry.it.csiro.au/def/environment/unit/MicrogramsPerLitre | http://registry.it.csiro.au/def/environment/unit/MilligramsPerLitre,http://registry.it.csiro.au/def/environment/property/ethylbenzene_concentration
europium concentration,europium concentration,Micrograms Per Litre | Milligrams Per Litre,http://registry.it.csiro.au/def/environment/unit/MicrogramsPerLitre | http://registry.it.csiro.au/def/environment/unit/MilligramsPerLitre,http://registry.it.csiro.au/def/environment/property/europium_concentration
faecal coliform concentration,faecal coliform concentration,Colony Forming Unit,http://qudt.org/vocab/unit#ColonyFormingUnit,http://registry.it.csiro.au/def/environment/property/faecal_coliform_concentration
faecal streptococci concentration,faecal streptococci concentration,Colony Forming Unit,http://qudt.org/vocab/unit#ColonyFormingUnit,http://registry.it.csiro.au/def/environment/property/faecal_streptococci_concentration
figure of merit ratio,figure of merit ratio,Unitless,http://qudt.org/vocab/unit#Unitless,http://registry.it.csiro.au/def/environment/property/figure_of_merit-ratio
filterable reactive phosphate as p concentration,filterable reactive phosphate as P concentration,Milligrams Per Litre,http://registry.it.csiro.au/def/environment/unit/MilligramsPerLitre,http://registry.it.csiro.au/def/environment/property/filterable_reactive_phosphorus_as_P_concentration
fluoranthene concentration,fluoranthene concentration,Milligrams Per Litre | Micrograms Per Litre,http://registry.it.csiro.au/def/environment/unit/MilligramsPerLitre | http://registry.it.csiro.au/def/environment/unit/MicrogramsPerLitre,http://registry.it.csiro.au/def/environment/property/fluoranthene_concentration
fluorene concentration,fluorene concentration,Milligrams Per Litre,http://registry.it.csiro.au/def/environment/unit/MilligramsPerLitre,http://registry.it.csiro.au/def/environment/property/fluorene_concentration
fluoride concentration,fluoride concentration,Milli Equivalent Per Litre | Milligrams Per Litre,http://registry.it.csiro.au/def/environment/unit/MilliEquivalentPerLitre | http://registry.it.csiro.au/def/environment/unit/MilligramsPerLitre,http://registry.it.csiro.au/def/environment/property/fluoride_concentration
fluorine concentration,fluorine concentration,,,http://registry.it.csiro.au/def/environment/property/fluorine_concentration
2 fluorobiphenyl concentration,2-fluorobiphenyl concentration,Milligrams Per Litre,http://registry.it.csiro.au/def/environment/unit/MilligramsPerLitre,http://registry.it.csiro.au/def/environment/property/fluorobiphenyl_2_concentration
formaldehyde concentration,formaldehyde concentration,environment.data.gov.au/def/unit/ Per Billion,http://environment.data.gov.au/def/unit/PerBillion,http://registry.it.csiro.au/def/environment/property/formaldehyde_concentration
gadolinium concentration,gadolinium concentration,Micrograms Per Litre | Milligrams Per Litre,http://registry.it.csiro.au/def/environment/unit/MicrogramsPerLitre | http://registry.it.csiro.au/def/environment/unit/MilligramsPerLitre,http://registry.it.csiro.au/def/environment/property/gadolinium_concentration
gallium concentration,gallium concentration,Micrograms Per Litre | Milligrams Per Litre,http://registry.it.csiro.au/def/environment/unit/MicrogramsPerLitre | http://registry.it.csiro.au/def/environment/unit/MilligramsPerLitre,http://registry.it.csiro.au/def/environment/property/gallium_concentration
gamma hexachlorocyclohexane concentration,gamma-hexachlorocyclohexane concentration,Micrograms Per Litre,http://registry.it.csiro.au/def/environment/unit/MicrogramsPerLitre,http://registry.it.csiro.au/def/environment/property/gamma-hexachlorocyclohexane_concentration
hafnium concentration,hafnium concentration,Milligrams Per Litre | Micrograms Per Litre,http://registry.it.csiro.au/def/environment/unit/MilligramsPerLitre | http://registry.it.csiro.au/def/environment/unit/MicrogramsPerLitre,http://registry.it.csiro.au/def/environment/property/hafnium_concentration
halide concentration,halide concentration,,,http://registry.it.csiro.au/def/environment/property/halide_concentration
haloalkane concentration,haloalkane concentration,,,http://registry.it.csiro.au/def/environment/property/haloalkane_concentration
halocarbon concentration,halocarbon concentration,,,http://registry.it.csiro.au/def/environment/property/halocarbon_concentration
purgeable halocarbon concentration,purgeable halocarbon concentration,,,http://registry.it.csiro.au/def/environment/property/halocarbon_purgeable_concentration
halogen concentration,halogen concentration,,,http://registry.it.csiro.au/def/environment/property/halogen_concentration
total hardness as caco3,total hardness as CaCO3,Milligrams Per Litre,http://registry.it.csiro.au/def/environment/unit/MilligramsPerLitre,http://registry.it.csiro.au/def/environment/property/hardness_as_CaCO3
non carbonate hardness,non-carbonate hardness,,,http://registry.it.csiro.au/def/environment/property/hardness_non-carbonate
helium concentration,helium concentration,,,http://registry.it.csiro.au/def/environment/property/helium_concentration
heptachlor concentration,heptachlor concentration,Micrograms Per Litre,http://registry.it.csiro.au/def/environment/unit/MicrogramsPerLitre,http://registry.it.csiro.au/def/environment/property/heptachlor_concentration
heptachlor epoxide concentration,heptachlor epoxide concentration,Micrograms Per Litre,http://registry.it.csiro.au/def/environment/unit/MicrogramsPerLitre,http://registry.it.csiro.au/def/environment/property/heptachlor_epoxide_concentration
hexachlorobenzene concentration,hexachlorobenzene concentration,Micrograms Per Litre,http://registry.it.csiro.au/def/environment/unit/MicrogramsPerLitre,http://registry.it.csiro.au/def/environment/property/hexachlorobenzene_concentration
hexachlorobutadiene concentration,hexachlorobutadiene concentration,Milligrams Per Litre,http://registry.it.csiro.au/def/environment/unit/MilligramsPerLitre,http://registry.it.csiro.au/def/environment/property/hexachlorobutadiene_concentration
hexan 2 one concentration,hexan-2-one concentration,Milligrams Per Litre,http://registry.it.csiro.au/def/environment/unit/MilligramsPerLitre,http://registry.it.csiro.au/def/environment/property/hexan-2-one_concentration
hexane concentration,hexane concentration,Mol Percent,http://registry.it.csiro.au/def/environment/unit/MolPercent,http://registry.it.csiro.au/def/environment/property/hexane_concentration
holmium concentration,holmium concentration,Micrograms Per Litre | Milligrams Per Litre,http://registry.it.csiro.au/def/environment/unit/MicrogramsPerLitre | http://registry.it.csiro.au/def/environment/unit/MilligramsPerLitre,http://registry.it.csiro.au/def/environment/property/holmium_concentration
hydrocarbon concentration,hydrocarbon concentration,,,http://registry.it.csiro.au/def/environment/property/hydrocarbon_concentration
petroleum hydrocarbon concentration,petroleum hydrocarbon concentration,,,http://registry.it.csiro.au/def/environment/property/hydrocarbon_petroleum_concentration
hydrogen sulfide concentration,hydrogen sulfide concentration,Milligrams Per Litre,http://registry.it.csiro.au/def/environment/unit/MilligramsPerLitre,http://registry.it.csiro.au/def/environment/property/hydrogen_sulfide_concentration
indeno1 2 3 c dpyrene concentration,"indeno(1,2,3-c,d)pyrene concentration",Micrograms Per Litre | Milligrams Per Litre,http://registry.it.csiro.au/def/environment/unit/MicrogramsPerLitre | http://registry.it.csiro.au/def/environment/unit/MilligramsPerLitre,http://registry.it.csiro.au/def/environment/property/indeno_123cd_pyrene_concentration
indium concentration,indium concentration,Milligrams Per Litre | Micrograms Per Litre,http://registry.it.csiro.au/def/environment/unit/MilligramsPerLitre | http://registry.it.csiro.au/def/environment/unit/MicrogramsPerLitre,http://registry.it.csiro.au/def/environment/property/indium_concentration
iodide concentration,iodide concentration,Milligrams Per Litre,http://registry.it.csiro.au/def/environment/unit/MilligramsPerLitre,http://registry.it.csiro.au/def/environment/property/iodide_concentration
iodine concentration,iodine concentration,Milligrams Per Litre,http://registry.it.csiro.au/def/environment/unit/MilligramsPerLitre,http://registry.it.csiro.au/def/environment/property/iodine_concentration
iodomethane concentration,iodomethane concentration,Milligrams Per Litre,http://registry.it.csiro.au/def/environment/unit/MilligramsPerLitre,http://registry.it.csiro.au/def/environment/property/iodomethane_concentration
ion concentration@en,ion concentration@en,,,http://registry.it.csiro.au/def/environment/property/ion_concentration
total dissolved ions,total dissolved ions,PSU | Milligrams Per Litre,http://registry.it.csiro.au/def/environment/unit/PSU | http://registry.it.csiro.au/def/environment/unit/MilligramsPerLitre,http://registry.it.csiro.au/def/environment/property/ions-total_dissolved
iron concentration,iron concentration,Percent | Milligrams Per Kilogram,http://qudt.org/vocab/unit#Percent | http://registry.it.csiro.au/def/environment/unit/MilligramsPerKilogram,http://registry.it.csiro.au/def/environment/property/iron_concentration
iron iii concentration,iron (III) concentration,Percent | Micrograms Per Litre | Milligrams Per Kilogram | Milligrams Per Litre,http://qudt.org/vocab/unit#Percent | http://registry.it.csiro.au/def/environment/unit/MicrogramsPerLitre | http://registry.it.csiro.au/def/environment/unit/MilligramsPerKilogram | http://registry.it.csiro.au/def/environment/unit/MilligramsPerLitre,http://registry.it.csiro.au/def/environment/property/iron_ferric_concentration
iron ii concentration,iron (II) concentration,Milligrams Per Litre,http://registry.it.csiro.au/def/environment/unit/MilligramsPerLitre,http://registry.it.csiro.au/def/environment/property/iron_ferrous_concentration
iron sulfide concentration or iron sulphide concentration,iron sulfide concentration | iron sulphide concentration,,,http://registry.it.csiro.au/def/environment/property/iron_sulfide_concentration
isobutane concentration,isobutane concentration,Mol Percent,http://registry.it.csiro.au/def/environment/unit/MolPercent,http://registry.it.csiro.au/def/environment/property/isobutane_concentration
isopentane concentration,isopentane concentration,Mol Percent,http://registry.it.csiro.au/def/environment/unit/MolPercent,http://registry.it.csiro.au/def/environment/property/isopentane_concentration
isopropylbenzene concentration,isopropylbenzene concentration,Milligrams Per Litre,http://registry.it.csiro.au/def/environment/unit/MilligramsPerLitre,http://registry.it.csiro.au/def/environment/property/isopropylbenzene_concentration
johnston\s crocodile concentration,johnston\s crocodile concentration,Number,http://qudt.org/vocab/unit#Number,http://registry.it.csiro.au/def/environment/property/johnstons_crocodile_concentration
lanthanide concentration,lanthanide concentration,,,http://registry.it.csiro.au/def/environment/property/lanthanide_concentration
lanthanum concentration,lanthanum concentration,Micrograms Per Litre | Milligrams Per Litre,http://registry.it.csiro.au/def/environment/unit/MicrogramsPerLitre | http://registry.it.csiro.au/def/environment/unit/MilligramsPerLitre,http://registry.it.csiro.au/def/environment/property/lanthanum_concentration
lead concentration,lead concentration,Milligrams Per Litre | Micrograms Per Litre,http://registry.it.csiro.au/def/environment/unit/MilligramsPerLitre | http://registry.it.csiro.au/def/environment/unit/MicrogramsPerLitre,http://registry.it.csiro.au/def/environment/property/lead_concentration
life form observable properties@en,life form observable properties@en,,,http://registry.it.csiro.au/def/environment/property/life_form_observables
lithium concentration,lithium concentration,Milligrams Per Litre,http://registry.it.csiro.au/def/environment/unit/MilligramsPerLitre,http://registry.it.csiro.au/def/environment/property/lithium_concentration
lutetium concentration,lutetium concentration,Milligrams Per Litre | Micrograms Per Litre,http://registry.it.csiro.au/def/environment/unit/MilligramsPerLitre | http://registry.it.csiro.au/def/environment/unit/MicrogramsPerLitre,http://registry.it.csiro.au/def/environment/property/lutetium_concentration
magnesium concentration,magnesium concentration,Milligrams Per Kilogram | Percent | Milligrams Per Litre,http://registry.it.csiro.au/def/environment/unit/MilligramsPerKilogram | http://qudt.org/vocab/unit#Percent | http://registry.it.csiro.au/def/environment/unit/MilligramsPerLitre,http://registry.it.csiro.au/def/environment/property/magnesium_concentration
major element observable properties@en,major element observable properties@en,,,http://registry.it.csiro.au/def/environment/property/major_element_observables
manganese concentration,manganese concentration,Percent | Milligrams Per Litre | Micrograms Per Litre,http://qudt.org/vocab/unit#Percent | http://registry.it.csiro.au/def/environment/unit/MilligramsPerLitre | http://registry.it.csiro.au/def/environment/unit/MicrogramsPerLitre,http://registry.it.csiro.au/def/environment/property/manganese_concentration
mercury concentration,mercury concentration,Milligrams Per Litre,http://registry.it.csiro.au/def/environment/unit/MilligramsPerLitre,http://registry.it.csiro.au/def/environment/property/mercury_concentration
metal concentration,metal concentration,,,http://registry.it.csiro.au/def/environment/property/metal_concentration
metalloid concentration,metalloid concentration,,,http://registry.it.csiro.au/def/environment/property/metalloid_concentration
methane concentration,methane concentration,Mol Percent,http://registry.it.csiro.au/def/environment/unit/MolPercent,http://registry.it.csiro.au/def/environment/property/methane_concentration
methoxychlor concentration,methoxychlor concentration,Micrograms Per Litre,http://registry.it.csiro.au/def/environment/unit/MicrogramsPerLitre,http://registry.it.csiro.au/def/environment/property/methoxychlor_concentration
4 methylpentan 2 one concentration,4-methylpentan-2-one concentration,Milligrams Per Litre,http://registry.it.csiro.au/def/environment/unit/MilligramsPerLitre,http://registry.it.csiro.au/def/environment/property/methyl_isobutyl_ketone_concentration
2 methoxy 2 methylpropane concentration,2-Methoxy-2-methylpropane concentration,Milligrams Per Litre,http://registry.it.csiro.au/def/environment/unit/MilligramsPerLitre,http://registry.it.csiro.au/def/environment/property/methyl_tert-butyl_ether_concentration
monomethylmercuryii cation concentration,monomethylmercury(II) cation concentration,,,http://registry.it.csiro.au/def/environment/property/methylmercury_concentration
tricresol concentration,tricresol concentration,Milligrams Per Litre | Micrograms Per Litre,http://registry.it.csiro.au/def/environment/unit/MilligramsPerLitre | http://registry.it.csiro.au/def/environment/unit/MicrogramsPerLitre,http://registry.it.csiro.au/def/environment/property/methylphenol_234_concentration
2 methylphenol concentration,2-methylphenol concentration,Milligrams Per Litre | Micrograms Per Litre,http://registry.it.csiro.au/def/environment/unit/MilligramsPerLitre | http://registry.it.csiro.au/def/environment/unit/MicrogramsPerLitre,http://registry.it.csiro.au/def/environment/property/methylphenol_2_concentration
minor or trace element observable properties@en,minor or trace element observable properties@en,,,http://registry.it.csiro.au/def/environment/property/minor-trace_element_observables
molybdenum concentration,molybdenum concentration,Milligrams Per Litre,http://registry.it.csiro.au/def/environment/unit/MilligramsPerLitre,http://registry.it.csiro.au/def/environment/property/molybdenum_concentration
monocyclic aromatic hydrocarbon concentration,monocyclic aromatic hydrocarbon concentration,Micrograms Per Litre | Milligrams Per Litre,http://registry.it.csiro.au/def/environment/unit/MicrogramsPerLitre | http://registry.it.csiro.au/def/environment/unit/MilligramsPerLitre,http://registry.it.csiro.au/def/environment/property/monocyclic_aromatic_hydrocarbon_concentration
n butane concentration,n-butane concentration,Mol Percent,http://registry.it.csiro.au/def/environment/unit/MolPercent,http://registry.it.csiro.au/def/environment/property/n-butane_concentration
naphthalene concentration,naphthalene concentration,Micrograms Per Litre | Milligrams Per Litre,http://registry.it.csiro.au/def/environment/unit/MicrogramsPerLitre | http://registry.it.csiro.au/def/environment/unit/MilligramsPerLitre,http://registry.it.csiro.au/def/environment/property/naphthalene_concentration
neodymium concentration,neodymium concentration,Milligrams Per Litre | Micrograms Per Litre,http://registry.it.csiro.au/def/environment/unit/MilligramsPerLitre | http://registry.it.csiro.au/def/environment/unit/MicrogramsPerLitre,http://registry.it.csiro.au/def/environment/property/neodymium_concentration
nickel concentration,nickel concentration,Micrograms Per Litre | Milligrams Per Litre,http://registry.it.csiro.au/def/environment/unit/MicrogramsPerLitre | http://registry.it.csiro.au/def/environment/unit/MilligramsPerLitre,http://registry.it.csiro.au/def/environment/property/nickel_concentration
nitrate n concentration,nitrate N concentration,Milligrams Per Cubic Meter | Milligrams Per Litre | Milligrams Per Kilogram,http://registry.it.csiro.au/def/environment/unit/MilligramsPerCubicMeter | http://registry.it.csiro.au/def/environment/unit/MilligramsPerLitre | http://registry.it.csiro.au/def/environment/unit/MilligramsPerKilogram,http://registry.it.csiro.au/def/environment/property/nitrate_concentration
nitrate and nitrite n concentration,nitrate and nitrite N concentration,Milligrams Per Litre,http://registry.it.csiro.au/def/environment/unit/MilligramsPerLitre,http://registry.it.csiro.au/def/environment/property/nitrate_nitrite_concentration
nitrite n concentration,nitrite N concentration,Milligrams Per Litre,http://registry.it.csiro.au/def/environment/unit/MilligramsPerLitre,http://registry.it.csiro.au/def/environment/property/nitrite_concentration
albuminoid nitrogen concentration,albuminoid nitrogen concentration,,,http://registry.it.csiro.au/def/environment/property/nitrogen_albuminoid
nitrogen concentration,nitrogen concentration,Milligrams Per Litre | Milligrams Per Cubic Meter | Mol Percent | Milligrams Per Square Meter,http://registry.it.csiro.au/def/environment/unit/MilligramsPerLitre | http://registry.it.csiro.au/def/environment/unit/MilligramsPerCubicMeter | http://registry.it.csiro.au/def/environment/unit/MolPercent | http://registry.it.csiro.au/def/environment/unit/MilligramsPerSquareMeter,http://registry.it.csiro.au/def/environment/property/nitrogen_concentration
dissolved nitrogen concentration,dissolved nitrogen concentration,Milligrams Per Cubic Meter | Mol Percent | Milligrams Per Litre | Milligrams Per Square Meter,http://registry.it.csiro.au/def/environment/unit/MilligramsPerCubicMeter | http://registry.it.csiro.au/def/environment/unit/MolPercent | http://registry.it.csiro.au/def/environment/unit/MilligramsPerLitre | http://registry.it.csiro.au/def/environment/unit/MilligramsPerSquareMeter,http://registry.it.csiro.au/def/environment/property/nitrogen_concentration-dissolved
nitrogen concentration kjeldahl method,nitrogen concentration - kjeldahl method,Milligrams Per Litre,http://registry.it.csiro.au/def/environment/unit/MilligramsPerLitre,http://registry.it.csiro.au/def/environment/property/nitrogen_concentration-kjeldahl
inorganic nitrogen concentration,inorganic nitrogen concentration,Milligrams Per Cubic Meter,http://registry.it.csiro.au/def/environment/unit/MilligramsPerCubicMeter,http://registry.it.csiro.au/def/environment/property/nitrogen_inorganic_concentration
organic nitrogen concentration,organic nitrogen concentration,Milligrams Per Cubic Meter,http://registry.it.csiro.au/def/environment/unit/MilligramsPerCubicMeter,http://registry.it.csiro.au/def/environment/property/nitrogen_organic_concentration
nitrogen oxides concentration,nitrogen oxides concentration,Milligrams Per Litre | Milligrams Per Square Meter | Milligrams Per Cubic Meter | Mol Percent,http://registry.it.csiro.au/def/environment/unit/MilligramsPerLitre | http://registry.it.csiro.au/def/environment/unit/MilligramsPerSquareMeter | http://registry.it.csiro.au/def/environment/unit/MilligramsPerCubicMeter | http://registry.it.csiro.au/def/environment/unit/MolPercent,http://registry.it.csiro.au/def/environment/property/nitrogen_oxides_concentration
2 nitrophenol concentration,2-nitrophenol concentration,Milligrams Per Litre | Micrograms Per Litre,http://registry.it.csiro.au/def/environment/unit/MilligramsPerLitre | http://registry.it.csiro.au/def/environment/unit/MicrogramsPerLitre,http://registry.it.csiro.au/def/environment/property/nitrophenol_2_concentration
noble gas concentration,noble gas concentration,,,http://registry.it.csiro.au/def/environment/property/noble_gas_concentration
non metal concentration,non-metal concentration,,,http://registry.it.csiro.au/def/environment/property/non-metal_concentration
nutrient concentration,nutrient concentration,,,http://registry.it.csiro.au/def/environment/property/nutrient_concentration
nutrient observable properties@en,nutrient observable properties@en,,,http://registry.it.csiro.au/def/environment/property/nutrient_observables
organic compound concentration,organic compound concentration,,,http://registry.it.csiro.au/def/environment/property/organic_compound_concentration
organic observable properties@en,organic observable properties@en,,,http://registry.it.csiro.au/def/environment/property/organic_observables
organochlorine concentration,organochlorine concentration,,,http://registry.it.csiro.au/def/environment/property/organochlorine_concentration
organophosphate concentration,organophosphate concentration,,,http://registry.it.csiro.au/def/environment/property/organophosphate_concentration
orthophosphate as po4 concentration,orthophosphate as PO4 concentration,,,http://registry.it.csiro.au/def/environment/property/orthophosphate_as_PO4_concentration
orthophosphate as p concentration,orthophosphate as P concentration,Milligrams Per Litre,http://registry.it.csiro.au/def/environment/unit/MilligramsPerLitre,http://registry.it.csiro.au/def/environment/property/orthophosphate_as_P_concentration
orthophosphate concentration,orthophosphate concentration,,,http://registry.it.csiro.au/def/environment/property/orthophosphate_concentration
dissolved oxygen concentration,dissolved oxygen concentration,Milligrams Per Litre | Percent | Milligrams Per Cubic Meter,http://registry.it.csiro.au/def/environment/unit/MilligramsPerLitre | http://qudt.org/vocab/unit#Percent | http://registry.it.csiro.au/def/environment/unit/MilligramsPerCubicMeter,http://registry.it.csiro.au/def/environment/property/oxygen-dissolved
oxygen 18 concentration,oxygen 18 concentration,Percent | Per Mil,http://qudt.org/vocab/unit#Percent | http://registry.it.csiro.au/def/environment/unit/PerMil,http://registry.it.csiro.au/def/environment/property/oxygen_18_concentration
oxygen concentration,oxygen concentration,,,http://registry.it.csiro.au/def/environment/property/oxygen_concentration
water ph,water pH,pH,http://registry.it.csiro.au/def/environment/unit/pH,http://registry.it.csiro.au/def/environment/property/pH_water
4 isopropyltoluene concentration,4-isopropyltoluene concentration,Milligrams Per Litre,http://registry.it.csiro.au/def/environment/unit/MilligramsPerLitre,http://registry.it.csiro.au/def/environment/property/p_isopropyltoluene_concentration
pentachloroethane concentration,pentachloroethane concentration,Milligrams Per Litre,http://registry.it.csiro.au/def/environment/unit/MilligramsPerLitre,http://registry.it.csiro.au/def/environment/property/pentachloroethane_concentration
pentachlorophenol concentration,pentachlorophenol concentration,Milligrams Per Litre | Micrograms Per Litre,http://registry.it.csiro.au/def/environment/unit/MilligramsPerLitre | http://registry.it.csiro.au/def/environment/unit/MicrogramsPerLitre,http://registry.it.csiro.au/def/environment/property/pentachlorophenol_concentration
pentane concentration,pentane concentration,,,http://registry.it.csiro.au/def/environment/property/pentane_concentration
pesticide concentration,pesticide concentration,,,http://registry.it.csiro.au/def/environment/property/pesticide_concentration
organochlorine pesticide concentration,organochlorine pesticide concentration,,,http://registry.it.csiro.au/def/environment/property/pesticide_organochlorine_concentration
organophosphate pesticide concentration,organophosphate pesticide concentration,,,http://registry.it.csiro.au/def/environment/property/pesticide_organophosphate_concentration
phenanthrene concentration,phenanthrene concentration,Milligrams Per Litre | Micrograms Per Litre,http://registry.it.csiro.au/def/environment/unit/MilligramsPerLitre | http://registry.it.csiro.au/def/environment/unit/MicrogramsPerLitre,http://registry.it.csiro.au/def/environment/property/phenanthrene_concentration
phenol d6 concentration,phenol-d6 concentration,Milligrams Per Litre,http://registry.it.csiro.au/def/environment/unit/MilligramsPerLitre,http://registry.it.csiro.au/def/environment/property/phenol-d6_concentration
phenol concentration,phenol concentration,Milligrams Per Litre | Micrograms Per Litre,http://registry.it.csiro.au/def/environment/unit/MilligramsPerLitre | http://registry.it.csiro.au/def/environment/unit/MicrogramsPerLitre,http://registry.it.csiro.au/def/environment/property/phenol_concentration
1 phenylbutane concentration,1-phenylbutane concentration,Milligrams Per Litre,http://registry.it.csiro.au/def/environment/unit/MilligramsPerLitre,http://registry.it.csiro.au/def/environment/property/phenylbutane_1_concentration
phosphate as p concentration,phosphate as P concentration,Milligrams Per Litre,http://registry.it.csiro.au/def/environment/unit/MilligramsPerLitre,http://registry.it.csiro.au/def/environment/property/phosphate_as_P_concentration
phosphate concentration,phosphate concentration,Milligrams Per Litre,http://registry.it.csiro.au/def/environment/unit/MilligramsPerLitre,http://registry.it.csiro.au/def/environment/property/phosphate_concentration
phosphorus concentration,phosphorus concentration,Milligrams Per Litre,http://registry.it.csiro.au/def/environment/unit/MilligramsPerLitre,http://registry.it.csiro.au/def/environment/property/phosphorus_concentration
inorganic phosphorus concentration,inorganic phosphorus concentration,Milligrams Per Cubic Meter,http://registry.it.csiro.au/def/environment/unit/MilligramsPerCubicMeter,http://registry.it.csiro.au/def/environment/property/phosphorus_inorganic_concentration
dissolved inorganic phosphorus concentration,dissolved inorganic phosphorus concentration,Milligrams Per Cubic Meter,http://registry.it.csiro.au/def/environment/unit/MilligramsPerCubicMeter,http://registry.it.csiro.au/def/environment/property/phosphorus_inorganic_dissolved_concentration
particulate inorganic phosphorus concentration,particulate inorganic phosphorus concentration,Milligrams Per Cubic Meter,http://registry.it.csiro.au/def/environment/unit/MilligramsPerCubicMeter,http://registry.it.csiro.au/def/environment/property/phosphorus_inorganic_particulate_concentration
immobilised particulate inorganic phosphorus concentration,immobilised particulate inorganic phosphorus concentration,Milligrams Per Cubic Meter,http://registry.it.csiro.au/def/environment/unit/MilligramsPerCubicMeter,http://registry.it.csiro.au/def/environment/property/phosphorus_inorganic_particulate_immobilised_concentration
organic phosphorus concentration,organic phosphorus concentration,Milligrams Per Cubic Meter,http://registry.it.csiro.au/def/environment/unit/MilligramsPerCubicMeter,http://registry.it.csiro.au/def/environment/property/phosphorus_organic_concentration
dissolved organic phosphorus concentration,dissolved organic phosphorus concentration,Milligrams Per Cubic Meter,http://registry.it.csiro.au/def/environment/unit/MilligramsPerCubicMeter,http://registry.it.csiro.au/def/environment/property/phosphorus_organic_dissolved_concentration
photosynthetic photon flux,photosynthetic photon flux,Micro Mol Per Second Per Metre Squared,http://registry.it.csiro.au/def/environment/unit/MicroMolPerSecondPerMetreSquared,http://registry.it.csiro.au/def/environment/property/photosynthetic-photon-flux
physical observable properties@en,physical observable properties@en,,,http://registry.it.csiro.au/def/environment/property/physical_observables
plasticizer concentration or dispersant concentration or plasticiser concentration@en,plasticizer concentration | dispersant concentration | plasticiser concentration@en,,,http://registry.it.csiro.au/def/environment/property/plasticiser_concentration
polyatomic ion concentration,polyatomic ion concentration,Milli Equivalent Per Litre,http://registry.it.csiro.au/def/environment/unit/MilliEquivalentPerLitre,http://registry.it.csiro.au/def/environment/property/polyatomic_ion_concentration
polycyclic aromatic hydrocarbon concentration,polycyclic aromatic hydrocarbon concentration,,,http://registry.it.csiro.au/def/environment/property/polycyclic_aromatic_hydrocarbon_concentration
polyphosphate as po4 concentration,polyphosphate as PO4 concentration,,,http://registry.it.csiro.au/def/environment/property/polyphosphate_as_PO4_concentration
post transition metal concentration,post-transition metal concentration,,,http://registry.it.csiro.au/def/environment/property/post-transition_metal_concentration
potassium concentration,potassium concentration,Milligrams Per Kilogram | Milligrams Per Litre,http://registry.it.csiro.au/def/environment/unit/MilligramsPerKilogram | http://registry.it.csiro.au/def/environment/unit/MilligramsPerLitre,http://registry.it.csiro.au/def/environment/property/potassium_concentration
practical salinity,practical salinity,PSU,http://registry.it.csiro.au/def/environment/unit/PSU,http://registry.it.csiro.au/def/environment/property/practical_salinity
praseodymium concentration,praseodymium concentration,Micrograms Per Litre | Milligrams Per Litre,http://registry.it.csiro.au/def/environment/unit/MicrogramsPerLitre | http://registry.it.csiro.au/def/environment/unit/MilligramsPerLitre,http://registry.it.csiro.au/def/environment/property/praseodymium_concentration
propane concentration,propane concentration,Mol Percent,http://registry.it.csiro.au/def/environment/unit/MolPercent,http://registry.it.csiro.au/def/environment/property/propane_concentration
propylbenzene concentration,propylbenzene concentration,Milligrams Per Litre,http://registry.it.csiro.au/def/environment/unit/MilligramsPerLitre,http://registry.it.csiro.au/def/environment/property/propylbenzene_concentration
pyrene concentration,pyrene concentration,Micrograms Per Litre | Milligrams Per Litre,http://registry.it.csiro.au/def/environment/unit/MicrogramsPerLitre | http://registry.it.csiro.au/def/environment/unit/MilligramsPerLitre,http://registry.it.csiro.au/def/environment/property/pyrene_concentration
pyrite  concentration,pyrite  concentration,,,http://registry.it.csiro.au/def/environment/property/pyrite_concentration
radon 220 concentration,radon-220 concentration,Becquerel Per Litre | Milli Becquerel Per Litre,http://registry.it.csiro.au/def/environment/unit/BecquerelPerLitre | http://registry.it.csiro.au/def/environment/unit/MilliBecquerelPerLitre,http://registry.it.csiro.au/def/environment/property/radon220_concentration
radon 222 concentration,radon-222 concentration,Milli Becquerel Per Litre | Becquerel Per Litre,http://registry.it.csiro.au/def/environment/unit/MilliBecquerelPerLitre | http://registry.it.csiro.au/def/environment/unit/BecquerelPerLitre,http://registry.it.csiro.au/def/environment/property/radon222_concentration
radon 226 concentration,radon-226 concentration,Becquerel Per Litre | Milli Becquerel Per Litre,http://registry.it.csiro.au/def/environment/unit/BecquerelPerLitre | http://registry.it.csiro.au/def/environment/unit/MilliBecquerelPerLitre,http://registry.it.csiro.au/def/environment/property/radon226_concentration
radon concentration,radon concentration,Becquerel Per Litre | Milli Becquerel Per Litre,http://registry.it.csiro.au/def/environment/unit/BecquerelPerLitre | http://registry.it.csiro.au/def/environment/unit/MilliBecquerelPerLitre,http://registry.it.csiro.au/def/environment/property/radon_concentration
rare earth element concentration,rare earth element concentration,,,http://registry.it.csiro.au/def/environment/property/rare_earth_element_concentration
water reduction potential,water reduction potential,Volt | Milli Volt,http://qudt.org/vocab/unit#Volt | http://registry.it.csiro.au/def/environment/unit/MilliVolt,http://registry.it.csiro.au/def/environment/property/reduction_potential_water
rubidium concentration,rubidium concentration,Micrograms Per Litre | Milligrams Per Litre,http://registry.it.csiro.au/def/environment/unit/MicrogramsPerLitre | http://registry.it.csiro.au/def/environment/unit/MilligramsPerLitre,http://registry.it.csiro.au/def/environment/property/rubidium_concentration
samarium concentration,samarium concentration,Milligrams Per Litre | Micrograms Per Litre,http://registry.it.csiro.au/def/environment/unit/MilligramsPerLitre | http://registry.it.csiro.au/def/environment/unit/MicrogramsPerLitre,http://registry.it.csiro.au/def/environment/property/samarium_concentration
sand fraction,sand fraction,Kilogram Per Cubic Meter | Milligrams Per Litre,http://qudt.org/vocab/unit#KilogramPerCubicMeter | http://registry.it.csiro.au/def/environment/unit/MilligramsPerLitre,http://registry.it.csiro.au/def/environment/property/sand_fraction
sea surface elevation,sea surface elevation,Meter,http://qudt.org/vocab/unit#Meter,http://registry.it.csiro.au/def/environment/property/sea_surface_elevation
sea water density,sea water density,Kilogram Per Cubic Meter,http://qudt.org/vocab/unit#KilogramPerCubicMeter,http://registry.it.csiro.au/def/environment/property/sea_water_density
sea water potential density,sea water potential density,Kilogram Per Cubic Meter,http://qudt.org/vocab/unit#KilogramPerCubicMeter,http://registry.it.csiro.au/def/environment/property/sea_water_potential_density
sea water temperature,sea water temperature,Degree Celsius,http://qudt.org/vocab/unit#DegreeCelsius,http://registry.it.csiro.au/def/environment/property/sea_water_temperature
eastward sea water current,eastward sea water current,Meter Per Second,http://qudt.org/vocab/unit#MeterPerSecond,http://registry.it.csiro.au/def/environment/property/sea_water_velocity_eastward
northward sea water current,northward sea water current,Meter Per Second,http://qudt.org/vocab/unit#MeterPerSecond,http://registry.it.csiro.au/def/environment/property/sea_water_velocity_northward
upward sea water current,upward sea water current,Meter Per Second,http://qudt.org/vocab/unit#MeterPerSecond,http://registry.it.csiro.au/def/environment/property/sea_water_velocity_upward
sec butylbenzene concentration,sec-butylbenzene concentration,Milligrams Per Litre,http://registry.it.csiro.au/def/environment/unit/MilligramsPerLitre,http://registry.it.csiro.au/def/environment/property/sec-butylbenzene_concentration
selenium concentration,selenium concentration,Milligrams Per Litre,http://registry.it.csiro.au/def/environment/unit/MilligramsPerLitre,http://registry.it.csiro.au/def/environment/property/selenium_concentration
semi volatile organic compound concentration,semi-volatile organic compound concentration,,,http://registry.it.csiro.au/def/environment/property/semi-volatile_organic_compound_concentration
silicate as si concentration,silicate as Si concentration,,,http://registry.it.csiro.au/def/environment/property/silicate_Si_concentration
silicate as sio2 concentration,silicate as SiO2 concentration,,,http://registry.it.csiro.au/def/environment/property/silicate_as_SiO2_concentration
silicon concentration,silicon concentration,Milligrams Per Litre,http://registry.it.csiro.au/def/environment/unit/MilligramsPerLitre,http://registry.it.csiro.au/def/environment/property/silicon_concentration
silicon dioxide concentration,silicon dioxide concentration,Milligrams Per Litre,http://registry.it.csiro.au/def/environment/unit/MilligramsPerLitre,http://registry.it.csiro.au/def/environment/property/silicon_dioxide_concentration
silt fraction,silt fraction,Milligrams Per Litre | Kilogram Per Cubic Meter,http://registry.it.csiro.au/def/environment/unit/MilligramsPerLitre | http://qudt.org/vocab/unit#KilogramPerCubicMeter,http://registry.it.csiro.au/def/environment/property/silt_fraction
silver concentration,silver concentration,Milligrams Per Litre,http://registry.it.csiro.au/def/environment/unit/MilligramsPerLitre,http://registry.it.csiro.au/def/environment/property/silver_concentration
water sodium adsorption ratio,water sodium adsorption ratio,Unitless,http://qudt.org/vocab/unit#Unitless,http://registry.it.csiro.au/def/environment/property/sodium_adsorption-ratio_water
sodium concentration,sodium concentration,Milligrams Per Kilogram | Milligrams Per Litre,http://registry.it.csiro.au/def/environment/unit/MilligramsPerKilogram | http://registry.it.csiro.au/def/environment/unit/MilligramsPerLitre,http://registry.it.csiro.au/def/environment/property/sodium_concentration
dissolved organic matter,dissolved organic matter,,,http://registry.it.csiro.au/def/environment/property/solids-dissolved_organic
dissolved volatile solids,dissolved volatile solids,,,http://registry.it.csiro.au/def/environment/property/solids-dissolved_volatile
total fixed solids,total fixed solids,,,http://registry.it.csiro.au/def/environment/property/solids-fixed
fixed dissolved solids,fixed dissolved solids,,,http://registry.it.csiro.au/def/environment/property/solids-fixed_dissolved
fixed suspended solids,fixed suspended solids,,,http://registry.it.csiro.au/def/environment/property/solids-fixed_suspended
suspended volatile solids,suspended volatile solids,,,http://registry.it.csiro.au/def/environment/property/solids-suspended_volatile
total solids,total solids,,,http://registry.it.csiro.au/def/environment/property/solids-total
total dissolved solids,total dissolved solids,Milligrams Per Litre,http://registry.it.csiro.au/def/environment/unit/MilligramsPerLitre,http://registry.it.csiro.au/def/environment/property/solids-total_dissolved
fine total suspended solids,fine total suspended solids,Milligrams Per Litre | Kilogram Per Cubic Meter,http://registry.it.csiro.au/def/environment/unit/MilligramsPerLitre | http://qudt.org/vocab/unit#KilogramPerCubicMeter,http://registry.it.csiro.au/def/environment/property/solids-total_fine_suspended
total suspended solids,total suspended solids,Milligrams Per Litre,http://registry.it.csiro.au/def/environment/unit/MilligramsPerLitre,http://registry.it.csiro.au/def/environment/property/solids-total_suspended
total volatile solids,total volatile solids,,,http://registry.it.csiro.au/def/environment/property/solids-total_volatile
streptococcus concentration,streptococcus concentration,,,http://registry.it.csiro.au/def/environment/property/streptococcus_concentration
strontium concentration,strontium concentration,Milligrams Per Litre,http://registry.it.csiro.au/def/environment/unit/MilligramsPerLitre,http://registry.it.csiro.au/def/environment/property/strontium_concentration
styrene concentration,styrene concentration,Milligrams Per Litre | Micrograms Per Litre,http://registry.it.csiro.au/def/environment/unit/MilligramsPerLitre | http://registry.it.csiro.au/def/environment/unit/MicrogramsPerLitre,http://registry.it.csiro.au/def/environment/property/styrene_concentration
sulfate as s concentration,sulfate as S concentration,Milligrams Per Litre,http://registry.it.csiro.au/def/environment/unit/MilligramsPerLitre,http://registry.it.csiro.au/def/environment/property/sulfate_as_S_concentration
sulphate concentration or sulfate concentration,sulphate concentration | sulfate concentration,,,http://registry.it.csiro.au/def/environment/property/sulfate_concentration
sulphide as s concentration or sulfide as s concentration,sulphide as S concentration | sulfide as S concentration,,,http://registry.it.csiro.au/def/environment/property/sulfide_as_S_concentration
sulfide concentration or sulphide concentration,sulfide concentration | sulphide concentration,Milligrams Per Litre,http://registry.it.csiro.au/def/environment/unit/MilligramsPerLitre,http://registry.it.csiro.au/def/environment/property/sulfide_concentration
sulfite as s concentration or sulphite as s concentration,sulfite as S concentration | sulphite as S concentration,,,http://registry.it.csiro.au/def/environment/property/sulfite_as_S_concentration
sulfite concentration or sulphite concentration,sulfite concentration | sulphite concentration,,,http://registry.it.csiro.au/def/environment/property/sulfite_concentration
sulphur concentration or sulfur concentration,sulphur concentration | sulfur concentration,Milligrams Per Litre,http://registry.it.csiro.au/def/environment/unit/MilligramsPerLitre,http://registry.it.csiro.au/def/environment/property/sulfur_concentration
sulphur dioxide concentration or sulfur dioxide concentration,sulphur dioxide concentration | sulfur dioxide concentration,,,http://registry.it.csiro.au/def/environment/property/sulfur_dioxide_concentration
organic sulphur concentration or organic sulfur concentration,organic sulphur concentration | organic sulfur concentration,,,http://registry.it.csiro.au/def/environment/property/sulfur_organic_concentration
tellurium concentration,tellurium concentration,Milligrams Per Litre | Micrograms Per Litre,http://registry.it.csiro.au/def/environment/unit/MilligramsPerLitre | http://registry.it.csiro.au/def/environment/unit/MicrogramsPerLitre,http://registry.it.csiro.au/def/environment/property/tellurium_concentration
terbium concentration,terbium concentration,Milligrams Per Litre | Micrograms Per Litre,http://registry.it.csiro.au/def/environment/unit/MilligramsPerLitre | http://registry.it.csiro.au/def/environment/unit/MicrogramsPerLitre,http://registry.it.csiro.au/def/environment/property/terbium_concentration
4 terphenyl d14 concentration,4-terphenyl-d14 concentration,Milligrams Per Litre,http://registry.it.csiro.au/def/environment/unit/MilligramsPerLitre,http://registry.it.csiro.au/def/environment/property/terphenyl_4_d14_concentration
tert butylbenzene concentration,tert-butylbenzene concentration,Milligrams Per Litre,http://registry.it.csiro.au/def/environment/unit/MilligramsPerLitre,http://registry.it.csiro.au/def/environment/property/tert-butylbenzene_concentration
1 1 1 2 tetrachloroethane concentration,"1,1,1,2-tetrachloroethane concentration",Milligrams Per Litre,http://registry.it.csiro.au/def/environment/unit/MilligramsPerLitre,http://registry.it.csiro.au/def/environment/property/tetrachloroethane_1112_concentration
1 1 2 2 tetrachloroethane concentration,"1,1,2,2-tetrachloroethane concentration",Milligrams Per Litre,http://registry.it.csiro.au/def/environment/unit/MilligramsPerLitre,http://registry.it.csiro.au/def/environment/property/tetrachloroethane_1122_concentration
tetrachloroethene concentration,tetrachloroethene concentration,Micrograms Per Litre | Milligrams Per Litre,http://registry.it.csiro.au/def/environment/unit/MicrogramsPerLitre | http://registry.it.csiro.au/def/environment/unit/MilligramsPerLitre,http://registry.it.csiro.au/def/environment/property/tetrachloroethene_concentration
tetrachloromethane concentration,tetrachloromethane concentration,Micrograms Per Litre | Milligrams Per Litre,http://registry.it.csiro.au/def/environment/unit/MicrogramsPerLitre | http://registry.it.csiro.au/def/environment/unit/MilligramsPerLitre,http://registry.it.csiro.au/def/environment/property/tetrachloromethane_concentration
thallium concentration,thallium concentration,Micrograms Per Litre | Milligrams Per Litre,http://registry.it.csiro.au/def/environment/unit/MicrogramsPerLitre | http://registry.it.csiro.au/def/environment/unit/MilligramsPerLitre,http://registry.it.csiro.au/def/environment/property/thallium_concentration
thorium concentration,thorium concentration,Micrograms Per Litre | Milligrams Per Litre,http://registry.it.csiro.au/def/environment/unit/MicrogramsPerLitre | http://registry.it.csiro.au/def/environment/unit/MilligramsPerLitre,http://registry.it.csiro.au/def/environment/property/thorium_concentration
thulium concentration,thulium concentration,Milligrams Per Litre | Micrograms Per Litre,http://registry.it.csiro.au/def/environment/unit/MilligramsPerLitre | http://registry.it.csiro.au/def/environment/unit/MicrogramsPerLitre,http://registry.it.csiro.au/def/environment/property/thulium_concentration
tin concentration,tin concentration,Milligrams Per Litre,http://registry.it.csiro.au/def/environment/unit/MilligramsPerLitre,http://registry.it.csiro.au/def/environment/property/tin_concentration
titanium concentration,titanium concentration,Milligrams Per Litre,http://registry.it.csiro.au/def/environment/unit/MilligramsPerLitre,http://registry.it.csiro.au/def/environment/property/titanium_concentration
toluene concentration,toluene concentration,Micrograms Per Litre | Milligrams Per Litre,http://registry.it.csiro.au/def/environment/unit/MicrogramsPerLitre | http://registry.it.csiro.au/def/environment/unit/MilligramsPerLitre,http://registry.it.csiro.au/def/environment/property/toluene_concentration
toluene d8 concentration,toluene-d8 concentration,Milligrams Per Litre,http://registry.it.csiro.au/def/environment/unit/MilligramsPerLitre,http://registry.it.csiro.au/def/environment/property/toluene_d8_concentration
bacteria total plate count,bacteria total plate count,Colony Forming Unit Per Litre,http://registry.it.csiro.au/def/environment/unit/ColonyFormingUnitPerLitre,http://registry.it.csiro.au/def/environment/property/total_plate_count
total sediment thickness,total sediment thickness,Meter,http://qudt.org/vocab/unit#Meter,http://registry.it.csiro.au/def/environment/property/total_sediment_thickness
trace element observable properties@en,trace element observable properties@en,,,http://registry.it.csiro.au/def/environment/property/trace_element_observables
trans 1 2 dichloroethene concentration,"trans-1,2-dichloroethene concentration",Milligrams Per Litre,http://registry.it.csiro.au/def/environment/unit/MilligramsPerLitre,http://registry.it.csiro.au/def/environment/property/trans-12-dichloroethene_concentration
trans 1 4 dichloro 2 butene concentration,"trans-1,4-dichloro-2-butene concentration",Milligrams Per Litre,http://registry.it.csiro.au/def/environment/unit/MilligramsPerLitre,http://registry.it.csiro.au/def/environment/property/trans-14-dichloro-2-butene_concentration
trans 1 3 dichloropropene concentration,"trans 1,3-dichloropropene concentration",Milligrams Per Litre,http://registry.it.csiro.au/def/environment/unit/MilligramsPerLitre,http://registry.it.csiro.au/def/environment/property/trans_13_dichloropropene_concentration
transition metal concentration,transition metal concentration,,,http://registry.it.csiro.au/def/environment/property/transition_metal_concentration
tribromomethane concentration,tribromomethane concentration,Milligrams Per Litre | Micrograms Per Litre,http://registry.it.csiro.au/def/environment/unit/MilligramsPerLitre | http://registry.it.csiro.au/def/environment/unit/MicrogramsPerLitre,http://registry.it.csiro.au/def/environment/property/tribromomethane_concentration
2 4 6 tribromophenol concentration,"2,4,6-tribromophenol concentration",Milligrams Per Litre,http://registry.it.csiro.au/def/environment/unit/MilligramsPerLitre,http://registry.it.csiro.au/def/environment/property/tribromophenol_246_concentration
1 2 3 trichlorobenzene concentration,"1,2,3-trichlorobenzene concentration",Milligrams Per Litre | Micrograms Per Litre,http://registry.it.csiro.au/def/environment/unit/MilligramsPerLitre | http://registry.it.csiro.au/def/environment/unit/MicrogramsPerLitre,http://registry.it.csiro.au/def/environment/property/trichlorobenzene-123_concentration
1 2 4 trichlorobenzene concentration,"1,2,4-trichlorobenzene concentration",Micrograms Per Litre | Milligrams Per Litre,http://registry.it.csiro.au/def/environment/unit/MicrogramsPerLitre | http://registry.it.csiro.au/def/environment/unit/MilligramsPerLitre,http://registry.it.csiro.au/def/environment/property/trichlorobenzene-124_concentration
trichlorobenzene concentration,trichlorobenzene concentration,Milligrams Per Litre | Micrograms Per Litre,http://registry.it.csiro.au/def/environment/unit/MilligramsPerLitre | http://registry.it.csiro.au/def/environment/unit/MicrogramsPerLitre,http://registry.it.csiro.au/def/environment/property/trichlorobenzene_concentration
1 1 1 trichloroethane concentration,"1,1,1-trichloroethane concentration",Milligrams Per Litre | Micrograms Per Litre,http://registry.it.csiro.au/def/environment/unit/MilligramsPerLitre | http://registry.it.csiro.au/def/environment/unit/MicrogramsPerLitre,http://registry.it.csiro.au/def/environment/property/trichloroethane_111_concentration
1 1 2 trichloroethane concentration,"1,1,2-trichloroethane concentration",Milligrams Per Litre | Micrograms Per Litre,http://registry.it.csiro.au/def/environment/unit/MilligramsPerLitre | http://registry.it.csiro.au/def/environment/unit/MicrogramsPerLitre,http://registry.it.csiro.au/def/environment/property/trichloroethane_112_concentration
trichloroethene concentration,trichloroethene concentration,Micrograms Per Litre | Milligrams Per Litre,http://registry.it.csiro.au/def/environment/unit/MicrogramsPerLitre | http://registry.it.csiro.au/def/environment/unit/MilligramsPerLitre,http://registry.it.csiro.au/def/environment/property/trichloroethene_concentration
trichlorofluoromethane concentration,trichlorofluoromethane concentration,Milligrams Per Litre,http://registry.it.csiro.au/def/environment/unit/MilligramsPerLitre,http://registry.it.csiro.au/def/environment/property/trichlorofluoromethane_concentration
2 4 5 trichlorophenol concentration,"2,4,5-trichlorophenol concentration",Milligrams Per Litre,http://registry.it.csiro.au/def/environment/unit/MilligramsPerLitre,http://registry.it.csiro.au/def/environment/property/trichlorophenol_245_concentration
2 4 6 trichlorophenol concentration,"2,4,6-trichlorophenol concentration",Micrograms Per Litre | Milligrams Per Litre,http://registry.it.csiro.au/def/environment/unit/MicrogramsPerLitre | http://registry.it.csiro.au/def/environment/unit/MilligramsPerLitre,http://registry.it.csiro.au/def/environment/property/trichlorophenol_246_concentration
1 2 3 trichloropropane concentration,"1,2,3-trichloropropane concentration",Milligrams Per Litre,http://registry.it.csiro.au/def/environment/unit/MilligramsPerLitre,http://registry.it.csiro.au/def/environment/property/trichloropropane_123_concentration
trihalomethane concentration,trihalomethane concentration,Milligrams Per Litre | Micrograms Per Litre,http://registry.it.csiro.au/def/environment/unit/MilligramsPerLitre | http://registry.it.csiro.au/def/environment/unit/MicrogramsPerLitre,http://registry.it.csiro.au/def/environment/property/trihalomethane_concentration
1 2 4 trimethylbenzene concentration,"1,2,4-trimethylbenzene concentration",Milligrams Per Litre,http://registry.it.csiro.au/def/environment/unit/MilligramsPerLitre,http://registry.it.csiro.au/def/environment/property/trimethylbenzene-124_concentration
1 3 5 trimethylbenzene concentration,"1,3,5-trimethylbenzene concentration",Milligrams Per Litre,http://registry.it.csiro.au/def/environment/unit/MilligramsPerLitre,http://registry.it.csiro.au/def/environment/property/trimethylbenzene-135_concentration
tritium concentration,tritium concentration,,,http://registry.it.csiro.au/def/environment/property/tritium_concentration
water turbidity,water turbidity,Nephelometric Turbidity Unit,http://qudt.org/vocab/unit#NephelometricTurbidityUnit,http://registry.it.csiro.au/def/environment/property/turbidity-water
secchi depth turbidity,Secchi depth - turbidity,Meter,http://qudt.org/vocab/unit#Meter,http://registry.it.csiro.au/def/environment/property/turbidity_Secchi_depth
uranium concentration,uranium concentration,Milligrams Per Litre | Micrograms Per Litre,http://registry.it.csiro.au/def/environment/unit/MilligramsPerLitre | http://registry.it.csiro.au/def/environment/unit/MicrogramsPerLitre,http://registry.it.csiro.au/def/environment/property/uranium_concentration
vanadium concentration,vanadium concentration,Milligrams Per Litre,http://registry.it.csiro.au/def/environment/unit/MilligramsPerLitre,http://registry.it.csiro.au/def/environment/property/vanadium_concentration
volatile organic compound concentration,volatile organic compound concentration,,,http://registry.it.csiro.au/def/environment/property/volatile_organic_compound_concentration
water density,water density,Kilogram Per Cubic Meter,http://qudt.org/vocab/unit#KilogramPerCubicMeter,http://registry.it.csiro.au/def/environment/property/water_density
water temperature,water temperature,Degree Celsius,http://qudt.org/vocab/unit#DegreeCelsius,http://registry.it.csiro.au/def/environment/property/water_temperature
xylene concentration,xylene concentration,,,http://registry.it.csiro.au/def/environment/property/xylene_concentration
ytterbium concentration,ytterbium concentration,Milligrams Per Litre | Micrograms Per Litre,http://registry.it.csiro.au/def/environment/unit/MilligramsPerLitre | http://registry.it.csiro.au/def/environment/unit/MicrogramsPerLitre,http://registry.it.csiro.au/def/environment/property/ytterbium_concentration
yttrium concentration,yttrium concentration,Micrograms Per Litre | Milligrams Per Litre,http://registry.it.csiro.au/def/environment/unit/MicrogramsPerLitre | http://registry.it.csiro.au/def/environment/unit/MilligramsPerLitre,http://registry.it.csiro.au/def/environment/property/yttrium_concentration
zinc concentration,zinc concentration,Micrograms Per Litre | Milligrams Per Litre,http://registry.it.csiro.au/def/environment/unit/MicrogramsPerLitre | http://registry.it.csiro.au/def/environment/unit/MilligramsPerLitre,http://registry.it.csiro.au/def/environment/property/zinc_concentration
zirconium concentration,zirconium concentration,Milligrams Per Litre,http://registry.it.csiro.au/def/environment/unit/MilligramsPerLitre,http://registry.it.csiro.au/def/environment/property/zirconium_concentration
barometric pressure,Barometric pressure,,,http://registry.it.csiro.au/def/qudt/1.1/qudt-quantity/_AtmosphericPressure
cloud amount,cloud amount,,,
evaporation,evaporation,,,http://registry.it.csiro.au/sandbox/environment/property/_evaporation
global radiation,global radiation,,,
hours of sunlight,hours of sunlight,,,http://registry.it.csiro.au/def/cwqm/property/_sun_hours
maximum wind gust,maximum wind gust,,,
msl pressure,mean sea level pressure (MSLP),,,
par,photosynthetically active radiation (PAR),,,http://registry.it.csiro.au/sandbox/csiro/test_keyword_sample/_unique_id_photosynthetically_active_radiation
rain accumulation,rain accumulation,,,
rain duration,rain duration,,,
rain intensity,rain intensity,,,
rainfall,rainfall,,,http://registry.it.csiro.au/sandbox/csiro/test_keyword_sample/_unique_id_rainfall
relative humidity,relative humidity,,,
secchi depth   turbidity,Secchi depth - turbidity,Meter,http://qudt.org/vocab/unit#Meter,http://registry.it.csiro.au/def/environment/property/_turbidity_Secchi_depth
snow accumulation,snow accumulation,,,
subsurface temperature,subsurface temperature,,,
tsr,total solar radiation (TSR),,,
wind direction,wind direction,Degree Angle,http://registry.it.csiro.au/def/qudt/1.1/qudt-unit/DegreeAngle,http://registry.it.csiro.au/def/environment/property/_wind_direction
wind speed,wind speed,Kilometer per Hour,http://registry.it.csiro.au/def/qudt/1.1/qudt-unit/KilometerPerHour,http://registry.it.csiro.au/def/environment/property/_wind_speed
wind velocity,wind velocity,,,
