processed_name,url,proper_name,suggested_unit_url,suggested_unit
c10 c14 hydrocarbon fraction concentration,http://registry.it.csiro.au/def/environment/property/C10_C14_Fraction_concentration,C10 - C14 hydrocarbon fraction concentration,http://registry.it.csiro.au/def/environment/unit/MilligramsPerLitre | http://registry.it.csiro.au/def/environment/unit/MicrogramsPerLitre,Milligrams Per Litre | Micrograms Per Litre
c10 c236 hydrocarbon fraction concentration,http://registry.it.csiro.au/def/environment/property/C10_C36_Fraction_concentration,C10 - C236 hydrocarbon fraction concentration,http://registry.it.csiro.au/def/environment/unit/MilligramsPerLitre,Milligrams Per Litre
c15 c28 hydrocarbon fraction concentration,http://registry.it.csiro.au/def/environment/property/C15_C28_Fraction_concentration,C15 - C28 hydrocarbon fraction concentration,http://registry.it.csiro.au/def/environment/unit/MicrogramsPerLitre | http://registry.it.csiro.au/def/environment/unit/MilligramsPerLitre,Micrograms Per Litre | Milligrams Per Litre
c29 c36 hydrocarbon fraction concentration,http://registry.it.csiro.au/def/environment/property/C29_C36_Fraction_concentration,C29 - C36 hydrocarbon fraction concentration,http://registry.it.csiro.au/def/environment/unit/MicrogramsPerLitre | http://registry.it.csiro.au/def/environment/unit/MilligramsPerLitre,Micrograms Per Litre | Milligrams Per Litre
c6 c9 hydrocarbon fraction concentration,http://registry.it.csiro.au/def/environment/property/C6_C9_Fraction_concentration,C6 - C9 hydrocarbon fraction concentration,http://registry.it.csiro.au/def/environment/unit/MilligramsPerLitre | http://registry.it.csiro.au/def/environment/unit/MicrogramsPerLitre,Milligrams Per Litre | Micrograms Per Litre
36cl cl ratio,http://registry.it.csiro.au/def/environment/property/Cl_36_ratio,36Cl_Cl ratio,http://qudt.org/vocab/unit#Unitless,Unitless
ph,http://registry.it.csiro.au/def/environment/property/PH,pH,http://registry.it.csiro.au/def/environment/unit/pH,pH
absorption by colored dissolved organic matter,http://registry.it.csiro.au/def/environment/property/absorption_by_colored_dissolved_organic_solids,absorption by colored dissolved organic matter,http://registry.it.csiro.au/def/environment/unit/Reciprocal_Meter,Reciprocal  Meter
absorption by coloured and detrital matter,http://registry.it.csiro.au/def/environment/property/absorption_by_coloured_and_detrital_matter,absorption by coloured and detrital matter,http://registry.it.csiro.au/def/environment/unit/Reciprocal_Meter,Reciprocal  Meter
absorption by non algal particles,http://registry.it.csiro.au/def/environment/property/absorption_by_non-algal_particles,absorption by non-algal particles,http://registry.it.csiro.au/def/environment/unit/Reciprocal_Meter,Reciprocal  Meter
absorption by particles,http://registry.it.csiro.au/def/environment/property/absorption_by_particles,absorption by particles,http://registry.it.csiro.au/def/environment/unit/Reciprocal_Meter,Reciprocal  Meter
absorption by phytoplankton,http://registry.it.csiro.au/def/environment/property/absorption_by_phytoplankton,absorption by phytoplankton,http://registry.it.csiro.au/def/environment/unit/Reciprocal_Meter,Reciprocal  Meter
total absorption,http://registry.it.csiro.au/def/environment/property/absorption_total,total absorption,http://registry.it.csiro.au/def/environment/unit/Reciprocal_Meter,Reciprocal  Meter
acenaphthylene concentration,http://registry.it.csiro.au/def/environment/property/acenaphthylene_concentration,acenaphthylene concentration,http://registry.it.csiro.au/def/environment/unit/MilligramsPerLitre | http://registry.it.csiro.au/def/environment/unit/MicrogramsPerLitre,Milligrams Per Litre | Micrograms Per Litre
actinide concentration,http://registry.it.csiro.au/def/environment/property/actinide_concentration,actinide concentration,,
active sediment layer thickness,http://registry.it.csiro.au/def/environment/property/active_sediment_layer_thickness,active sediment layer thickness,http://qudt.org/vocab/unit#Meter,Meter
air pressure,http://registry.it.csiro.au/def/environment/property/air_pressure,air pressure,http://qudt.org/vocab/unit#Pascal,Pascal
air temperature,http://registry.it.csiro.au/def/environment/property/air_temperature,air temperature,http://qudt.org/vocab/unit#DegreeCelsius,Degree Celsius
aldrin concentration,http://registry.it.csiro.au/def/environment/property/aldrin_concentration,aldrin concentration,http://registry.it.csiro.au/def/environment/unit/MicrogramsPerLitre,Micrograms Per Litre
alkali metal concentration,http://registry.it.csiro.au/def/environment/property/alkali_metal_concentration,alkali metal concentration,,
alkaline earth metal concentration,http://registry.it.csiro.au/def/environment/property/alkaline_earth_metal_concentration,alkaline earth metal concentration,,
bicarbonate alkalinity as caco3,http://registry.it.csiro.au/def/environment/property/alkalinity-bicarbonate_as_CaCO3,bicarbonate alkalinity as CaCO3,http://registry.it.csiro.au/def/environment/unit/MilligramsPerLitre,Milligrams Per Litre
carbonate alkalinity as caco3,http://registry.it.csiro.au/def/environment/property/alkalinity-carbonate_as_CaCO3,carbonate alkalinity as CaCO3,http://registry.it.csiro.au/def/environment/unit/MilligramsPerLitre | http://registry.it.csiro.au/def/environment/unit/MolPercent,Milligrams Per Litre | Mol Percent
hydroxide alkalinity as caco3,http://registry.it.csiro.au/def/environment/property/alkalinity-hydroxide_as_CaCO3,hydroxide alkalinity as CaCO3,http://registry.it.csiro.au/def/environment/unit/MilligramsPerLitre,Milligrams Per Litre
residual alkalinity hazard,http://registry.it.csiro.au/def/environment/property/alkalinity-residual_hazard,residual alkalinity hazard,http://registry.it.csiro.au/def/environment/unit/MilliEquivalentPerLitre,Milli Equivalent Per Litre
total alkalinity as caco3,http://registry.it.csiro.au/def/environment/property/alkalinity_total_CaCO3,total alkalinity as CaCO3,http://registry.it.csiro.au/def/environment/unit/MilligramsPerLitre,Milligrams Per Litre
alpha endosulfan concentration,http://registry.it.csiro.au/def/environment/property/alpha-endosulfan_concentration,alpha-endosulfan concentration,http://registry.it.csiro.au/def/environment/unit/MicrogramsPerLitre,Micrograms Per Litre
alpha hexachlorocyclohexane concentration,http://registry.it.csiro.au/def/environment/property/alpha-hexachlorocyclohexane_concentration,alpha-hexachlorocyclohexane concentration,http://registry.it.csiro.au/def/environment/unit/MicrogramsPerLitre,Micrograms Per Litre
aluminium concentration,http://registry.it.csiro.au/def/environment/property/aluminium_concentration,aluminium concentration,http://registry.it.csiro.au/def/environment/unit/MilligramsPerLitre | http://registry.it.csiro.au/def/environment/unit/MicrogramsPerLitre,Milligrams Per Litre | Micrograms Per Litre
ammonia and ammonium as nh4 concentration,http://registry.it.csiro.au/def/environment/property/ammonia_ammonium_as_NH4_concentration,ammonia and ammonium as NH4 concentration,,
ammonia and ammonium as n concentration,http://registry.it.csiro.au/def/environment/property/ammonia_ammonium_as_N_concentration,ammonia and ammonium as N concentration,,
ammonia and ammonium concentration,http://registry.it.csiro.au/def/environment/property/ammonia_ammonium_concentration,ammonia and ammonium concentration,,
ammonia as n concentration,http://registry.it.csiro.au/def/environment/property/ammonia_as_N_concentration,ammonia as N concentration,http://registry.it.csiro.au/def/environment/unit/MilligramsPerLitre | http://registry.it.csiro.au/def/environment/unit/MilligramsPerCubicMeter,Milligrams Per Litre | Milligrams Per Cubic Meter
ammonia concentration,http://registry.it.csiro.au/def/environment/property/ammonia_concentration,ammonia concentration,,
ammonium as n concentration,http://registry.it.csiro.au/def/environment/property/ammonium_as_N_concentration,ammonium as N concentration,,
ammonium nh4 concentration,http://registry.it.csiro.au/def/environment/property/ammonium_concentration,ammonium (NH4) concentration,,
anion concentration,http://registry.it.csiro.au/def/environment/property/anion_concentration,anion concentration,http://registry.it.csiro.au/def/environment/unit/MilliEquivalentPerLitre,Milli Equivalent Per Litre
anthracene concentration,http://registry.it.csiro.au/def/environment/property/anthracene_concentration,anthracene concentration,http://registry.it.csiro.au/def/environment/unit/MilligramsPerLitre | http://registry.it.csiro.au/def/environment/unit/MicrogramsPerLitre,Milligrams Per Litre | Micrograms Per Litre
anthracene d10 concentration,http://registry.it.csiro.au/def/environment/property/anthracene_d10_concentration,anthracene-d10 concentration,http://registry.it.csiro.au/def/environment/unit/MilligramsPerLitre,Milligrams Per Litre
antimony concentration,http://registry.it.csiro.au/def/environment/property/antimony_concentration,antimony concentration,http://registry.it.csiro.au/def/environment/unit/MilligramsPerLitre,Milligrams Per Litre
arsenic concentration,http://registry.it.csiro.au/def/environment/property/arsenic_concentration,arsenic concentration,http://registry.it.csiro.au/def/environment/unit/MilligramsPerLitre | http://registry.it.csiro.au/def/environment/unit/MicrogramsPerLitre,Milligrams Per Litre | Micrograms Per Litre
attenuation coefficient with depth,http://registry.it.csiro.au/def/environment/property/attenuation_coefficient_with_depth,attenuation coefficient with depth,http://registry.it.csiro.au/def/environment/unit/Reciprocal_Meter,Reciprocal  Meter
backscatter by non algal particles,http://registry.it.csiro.au/def/environment/property/backscatter_by_non-algal_particles,backscatter by non-algal particles,http://registry.it.csiro.au/def/environment/unit/Reciprocal_Meter,Reciprocal  Meter
backscatter by particles,http://registry.it.csiro.au/def/environment/property/backscatter_by_particles,backscatter by particles,http://registry.it.csiro.au/def/environment/unit/Reciprocal_Meter,Reciprocal  Meter
backscatter by phytoplankton,http://registry.it.csiro.au/def/environment/property/backscatter_by_phytoplankton,backscatter by phytoplankton,http://registry.it.csiro.au/def/environment/unit/Reciprocal_Meter,Reciprocal  Meter
total bacteria,http://registry.it.csiro.au/def/environment/property/bacteria_total,total bacteria,http://qudt.org/vocab/unit#ColonyFormingUnit,Colony Forming Unit
barium concentration,http://registry.it.csiro.au/def/environment/property/barium_concentration,barium concentration,http://registry.it.csiro.au/def/environment/unit/MilligramsPerLitre,Milligrams Per Litre
benzaanthracene concentration,http://registry.it.csiro.au/def/environment/property/benz_a_anthracene_concentration,benz[a]anthracene concentration,http://registry.it.csiro.au/def/environment/unit/MilligramsPerLitre,Milligrams Per Litre
benzene concentration,http://registry.it.csiro.au/def/environment/property/benzene_concentration,benzene concentration,http://registry.it.csiro.au/def/environment/unit/MilligramsPerLitre | http://registry.it.csiro.au/def/environment/unit/MicrogramsPerLitre,Milligrams Per Litre | Micrograms Per Litre
benzene  toluene  ethylbenzene  xylene concentration,http://registry.it.csiro.au/def/environment/property/benzene_toluene_ethylbenzene_xylene_concentration,"benzene, toluene, ethylbenzene, xylene concentration",http://registry.it.csiro.au/def/environment/unit/MicrogramsPerLitre | http://registry.it.csiro.au/def/environment/unit/MilligramsPerLitre,Micrograms Per Litre | Milligrams Per Litre
benzoapyrene concentration,http://registry.it.csiro.au/def/environment/property/benzo_a_pyrene_concentration,benzo[a]pyrene concentration,http://registry.it.csiro.au/def/environment/unit/MicrogramsPerLitre | http://registry.it.csiro.au/def/environment/unit/MilligramsPerLitre,Micrograms Per Litre | Milligrams Per Litre
benzobfluoranthene concentration,http://registry.it.csiro.au/def/environment/property/benzo_b_fluoranthene_concentration,benzo[b]fluoranthene concentration,http://registry.it.csiro.au/def/environment/unit/MicrogramsPerLitre | http://registry.it.csiro.au/def/environment/unit/MilligramsPerLitre,Micrograms Per Litre | Milligrams Per Litre
benzoghiperylene concentration,http://registry.it.csiro.au/def/environment/property/benzo_ghi_perylene_concentration,benzo[ghi]perylene concentration,http://registry.it.csiro.au/def/environment/unit/MilligramsPerLitre | http://registry.it.csiro.au/def/environment/unit/MicrogramsPerLitre,Milligrams Per Litre | Micrograms Per Litre
benzokfluoranthene concentration,http://registry.it.csiro.au/def/environment/property/benzo_k_fluoranthene_concentration,benzo[k]fluoranthene concentration,http://registry.it.csiro.au/def/environment/unit/MilligramsPerLitre | http://registry.it.csiro.au/def/environment/unit/MicrogramsPerLitre,Milligrams Per Litre | Micrograms Per Litre
beryllium concentration,http://registry.it.csiro.au/def/environment/property/beryllium_concentration,beryllium concentration,http://registry.it.csiro.au/def/environment/unit/MicrogramsPerLitre | http://registry.it.csiro.au/def/environment/unit/MilligramsPerLitre,Micrograms Per Litre | Milligrams Per Litre
beta endosulfan concentration,http://registry.it.csiro.au/def/environment/property/beta-endosulfan_concentration,beta-endosulfan concentration,http://registry.it.csiro.au/def/environment/unit/MicrogramsPerLitre,Micrograms Per Litre
bicarbonate concentration,http://registry.it.csiro.au/def/environment/property/bicarbonate_concentration,bicarbonate concentration,,
biochemical oxygen demand,http://registry.it.csiro.au/def/environment/property/biochemical_oxygen_demand,biochemical oxygen demand,http://registry.it.csiro.au/def/environment/unit/MilligramsPerLitre,Milligrams Per Litre
20 day biochemical oxygen demand,http://registry.it.csiro.au/def/environment/property/biochemical_oxygen_demand_20_day,20 day biochemical oxygen demand,,
20 day nitrogenous biochemical oxygen demand,http://registry.it.csiro.au/def/environment/property/biochemical_oxygen_demand_20_day_nitrogenous,20 day nitrogenous biochemical oxygen demand,,
5 day biochemical oxygen demand,http://registry.it.csiro.au/def/environment/property/biochemical_oxygen_demand_5_day,5 day biochemical oxygen demand,,
5 day carbonaceous biochemical oxygen demand,http://registry.it.csiro.au/def/environment/property/biochemical_oxygen_demand_5_day_carbonaceous,5 day carbonaceous biochemical oxygen demand,,
5 day nitrogenous biochemical oxygen demand,http://registry.it.csiro.au/def/environment/property/biochemical_oxygen_demand_5_day_nitrogenous,5 day nitrogenous biochemical oxygen demand,,
carbonaceous biochemical oxygen demand,http://registry.it.csiro.au/def/environment/property/biochemical_oxygen_demand_carbonaceous,carbonaceous biochemical oxygen demand,,
nitrogenous biochemical oxygen demand,http://registry.it.csiro.au/def/environment/property/biochemical_oxygen_demand_nitrogenous,nitrogenous biochemical oxygen demand,,
bismuth concentration,http://registry.it.csiro.au/def/environment/property/bismuth_concentration,bismuth concentration,http://registry.it.csiro.au/def/environment/unit/MilligramsPerLitre,Milligrams Per Litre
boron concentration,http://registry.it.csiro.au/def/environment/property/boron_concentration,boron concentration,http://registry.it.csiro.au/def/environment/unit/MilligramsPerLitre,Milligrams Per Litre
bromide concentration,http://registry.it.csiro.au/def/environment/property/bromide_concentration,bromide concentration,http://registry.it.csiro.au/def/environment/unit/MilligramsPerLitre,Milligrams Per Litre
bromine concentration,http://registry.it.csiro.au/def/environment/property/bromine_concentration,bromine concentration,http://registry.it.csiro.au/def/environment/unit/MilligramsPerLitre,Milligrams Per Litre
1 bromo 4 fluorobenzene concentration,http://registry.it.csiro.au/def/environment/property/bromo_1-fluorobenzene_4_concentration,1-bromo-4-fluorobenzene concentration,http://registry.it.csiro.au/def/environment/unit/MicrogramsPerLitre | http://registry.it.csiro.au/def/environment/unit/MilligramsPerLitre,Micrograms Per Litre | Milligrams Per Litre
bromobenzene concentration,http://registry.it.csiro.au/def/environment/property/bromobenzene_concentration,bromobenzene concentration,http://registry.it.csiro.au/def/environment/unit/MilligramsPerLitre,Milligrams Per Litre
bromochloromethane concentration,http://registry.it.csiro.au/def/environment/property/bromochloromethane_concentration,bromochloromethane concentration,http://registry.it.csiro.au/def/environment/unit/MilligramsPerLitre,Milligrams Per Litre
bromodichloromethane concentration,http://registry.it.csiro.au/def/environment/property/bromodichloromethane_concentration,bromodichloromethane concentration,http://registry.it.csiro.au/def/environment/unit/MicrogramsPerLitre | http://registry.it.csiro.au/def/environment/unit/MilligramsPerLitre,Micrograms Per Litre | Milligrams Per Litre
bromomethane concentration,http://registry.it.csiro.au/def/environment/property/bromomethane_concentration,bromomethane concentration,http://registry.it.csiro.au/def/environment/unit/MilligramsPerLitre,Milligrams Per Litre
bromophos ethyl concentration,http://registry.it.csiro.au/def/environment/property/bromophos-ethyl_concentration,bromophos-ethyl concentration,http://registry.it.csiro.au/def/environment/unit/MicrogramsPerLitre,Micrograms Per Litre
butane concentration,http://registry.it.csiro.au/def/environment/property/butane_concentration,butane concentration,http://registry.it.csiro.au/def/environment/unit/MolPercent,Mol Percent
butanone concentration,http://registry.it.csiro.au/def/environment/property/butanone_concentration,butanone concentration,http://registry.it.csiro.au/def/environment/unit/MilligramsPerLitre,Milligrams Per Litre
cadmium concentration,http://registry.it.csiro.au/def/environment/property/cadmium_concentration,cadmium concentration,http://registry.it.csiro.au/def/environment/unit/MilligramsPerLitre | http://registry.it.csiro.au/def/environment/unit/MicrogramsPerLitre,Milligrams Per Litre | Micrograms Per Litre
caesium concentration,http://registry.it.csiro.au/def/environment/property/caesium_concentration,caesium concentration,http://registry.it.csiro.au/def/environment/unit/MilligramsPerLitre,Milligrams Per Litre
calcium carbonate concentration,http://registry.it.csiro.au/def/environment/property/calcium_carbonate_concentration,calcium carbonate concentration,,
calcium concentration,http://registry.it.csiro.au/def/environment/property/calcium_concentration,calcium concentration,http://registry.it.csiro.au/def/environment/unit/MilligramsPerKilogram | http://qudt.org/vocab/unit#Percent | http://registry.it.csiro.au/def/environment/unit/MilligramsPerLitre,Milligrams Per Kilogram | Percent | Milligrams Per Litre
carbon 13 concentration,http://registry.it.csiro.au/def/environment/property/carbon_13_concentration,carbon 13 concentration,http://qudt.org/vocab/unit#Percent,Percent
carbon 14 concentration,http://registry.it.csiro.au/def/environment/property/carbon_14_concentration,carbon 14 concentration,http://qudt.org/vocab/unit#Percent,Percent
carbon average content,http://registry.it.csiro.au/def/environment/property/carbon_average_content,carbon - average content,http://registry.it.csiro.au/def/environment/unit/MilligramsPerKilogram,Milligrams Per Kilogram
carbon concentration,http://registry.it.csiro.au/def/environment/property/carbon_concentration,carbon concentration,,
total dissolved carbon dioxide concentration,http://registry.it.csiro.au/def/environment/property/carbon_dioxide_concentration,total dissolved carbon dioxide concentration,http://registry.it.csiro.au/def/environment/unit/MolPercent | http://qudt.org/vocab/unit#Percent | http://registry.it.csiro.au/def/environment/unit/MilligramsPerLitre,Mol Percent | Percent | Milligrams Per Litre
carbon dioxide flux,http://registry.it.csiro.au/def/environment/property/carbon_dioxide_flux,carbon dioxide flux,,
carbon dioxide storage flux,http://registry.it.csiro.au/def/environment/property/carbon_dioxide_storage_flux,carbon dioxide storage flux,,
carbon dissolved inorganic concentration,http://registry.it.csiro.au/def/environment/property/carbon_dissolved_inorganic_concentration,carbon - dissolved inorganic concentration,,
carbon dissolved organic concentration,http://registry.it.csiro.au/def/environment/property/carbon_dissolved_organic_concentration,carbon - dissolved organic concentration,,
carbon disulfide concentration,http://registry.it.csiro.au/def/environment/property/carbon_disulfide_concentration,carbon disulfide concentration,http://registry.it.csiro.au/def/environment/unit/MilligramsPerLitre,Milligrams Per Litre
carbon inorganic concentration,http://registry.it.csiro.au/def/environment/property/carbon_inorganic_concentration,carbon - inorganic concentration,,
carbon monoxide concentration,http://registry.it.csiro.au/def/environment/property/carbon_monoxide_concentration,carbon monoxide concentration,,
carbon organic concentration,http://registry.it.csiro.au/def/environment/property/carbon_organic_concentration,carbon - organic concentration,,
carbon suspended inorganic concentration,http://registry.it.csiro.au/def/environment/property/carbon_suspended_inorganic_concentration,carbon - suspended inorganic concentration,,
carbon suspended organic concentration,http://registry.it.csiro.au/def/environment/property/carbon_suspended_organic_concentration,carbon - suspended organic concentration,,
carbon suspended total,http://registry.it.csiro.au/def/environment/property/carbon_suspended_total,carbon - suspended total,,
carbonate concentration,http://registry.it.csiro.au/def/environment/property/carbonate_concentration,carbonate concentration,,
cation concentration,http://registry.it.csiro.au/def/environment/property/cation_concentration,cation concentration,http://registry.it.csiro.au/def/environment/unit/MilliEquivalentPerLitre | http://qudt.org/vocab/unit#Percent,Milli Equivalent Per Litre | Percent
cerium concentration,http://registry.it.csiro.au/def/environment/property/cerium_concentration,cerium concentration,http://registry.it.csiro.au/def/environment/unit/MicrogramsPerLitre | http://registry.it.csiro.au/def/environment/unit/MilligramsPerLitre,Micrograms Per Litre | Milligrams Per Litre
chemical compound concentration,http://registry.it.csiro.au/def/environment/property/chemical_compound_concentration,chemical compound concentration,,
chemical entity concentration,http://registry.it.csiro.au/def/environment/property/chemical_entity_concentration,chemical entity concentration,,
chemical oxygen demand,http://registry.it.csiro.au/def/environment/property/chemical_oxygen_demand,chemical oxygen demand,http://registry.it.csiro.au/def/environment/unit/MilligramsPerLitre,Milligrams Per Litre
chemistry observable properties@en,http://registry.it.csiro.au/def/environment/property/chemistry_observables,chemistry observable properties@en,,
chlordane concentration,http://registry.it.csiro.au/def/environment/property/chlordane_concentration,chlordane concentration,http://registry.it.csiro.au/def/environment/unit/MicrogramsPerLitre,Micrograms Per Litre
chloride concentration,http://registry.it.csiro.au/def/environment/property/chloride_concentration,chloride concentration,http://registry.it.csiro.au/def/environment/unit/MilligramsPerKilogram | http://registry.it.csiro.au/def/environment/unit/MilligramsPerLitre,Milligrams Per Kilogram | Milligrams Per Litre
chlorinated volatile organic compound concentration,http://registry.it.csiro.au/def/environment/property/chlorinated_volatile_organic_compound_concentration,chlorinated volatile organic compound concentration,,
chlorine 36 concentration,http://registry.it.csiro.au/def/environment/property/chlorine_36_concentration,chlorine 36 concentration,http://registry.it.csiro.au/def/environment/unit/AtomsPerLitre,Atoms Per Litre
chlorine concentration,http://registry.it.csiro.au/def/environment/property/chlorine_concentration,chlorine concentration,,
1 chloro 2 methylbenzene concentration,http://registry.it.csiro.au/def/environment/property/chloro_1-methylbenzene_2_concentration,1-chloro-2-methylbenzene concentration,http://registry.it.csiro.au/def/environment/unit/MilligramsPerLitre,Milligrams Per Litre
1 chloro 4 methylbenzene concentration,http://registry.it.csiro.au/def/environment/property/chloro_1-methylbenzene_4_concentration,1-chloro-4-methylbenzene concentration,http://registry.it.csiro.au/def/environment/unit/MilligramsPerLitre,Milligrams Per Litre
4 chloro 3 methylphenol concentration,http://registry.it.csiro.au/def/environment/property/chloro_4-methylphenol_3_concentration,4-chloro-3-methylphenol concentration,http://registry.it.csiro.au/def/environment/unit/MilligramsPerLitre | http://registry.it.csiro.au/def/environment/unit/MicrogramsPerLitre,Milligrams Per Litre | Micrograms Per Litre
chlorobenzene concentration,http://registry.it.csiro.au/def/environment/property/chlorobenzene_concentration,chlorobenzene concentration,http://registry.it.csiro.au/def/environment/unit/MicrogramsPerLitre | http://registry.it.csiro.au/def/environment/unit/MilligramsPerLitre,Micrograms Per Litre | Milligrams Per Litre
chloroethane concentration,http://registry.it.csiro.au/def/environment/property/chloroethane_concentration,chloroethane concentration,http://registry.it.csiro.au/def/environment/unit/MilligramsPerLitre,Milligrams Per Litre
chloroethene concentration,http://registry.it.csiro.au/def/environment/property/chloroethene_concentration,chloroethene concentration,http://registry.it.csiro.au/def/environment/unit/MilligramsPerLitre,Milligrams Per Litre
chloroform concentration,http://registry.it.csiro.au/def/environment/property/chloroform_concentration,chloroform concentration,http://registry.it.csiro.au/def/environment/unit/MicrogramsPerLitre,Micrograms Per Litre
chloromethane concentration,http://registry.it.csiro.au/def/environment/property/chloromethane_concentration,chloromethane concentration,http://registry.it.csiro.au/def/environment/unit/MilligramsPerLitre,Milligrams Per Litre
2 chlorophenol 3 4 5 6 d4 concentration,http://registry.it.csiro.au/def/environment/property/chlorophenol_2_3456-D4_concentration,"2-chlorophenol-3,4,5,6-D4 concentration",http://registry.it.csiro.au/def/environment/unit/MicrogramsPerLitre,Micrograms Per Litre
2 chlorophenol concentration,http://registry.it.csiro.au/def/environment/property/chlorophenol_2_concentration,2-chlorophenol concentration,http://registry.it.csiro.au/def/environment/unit/MilligramsPerLitre | http://registry.it.csiro.au/def/environment/unit/MicrogramsPerLitre,Milligrams Per Litre | Micrograms Per Litre
chlorophenylmethane concentration,http://registry.it.csiro.au/def/environment/property/chlorophenylmethane_concentration,chlorophenylmethane concentration,http://registry.it.csiro.au/def/environment/unit/MilligramsPerLitre,Milligrams Per Litre
chlorophyll a concentration,http://registry.it.csiro.au/def/environment/property/chlorophyll_a_concentration,chlorophyll a concentration,,
chlorophyll b concentration,http://registry.it.csiro.au/def/environment/property/chlorophyll_b_concentration,chlorophyll b concentration,,
chlorophyll c concentration,http://registry.it.csiro.au/def/environment/property/chlorophyll_c_concentration,chlorophyll c concentration,,
chlorophyll concentration,http://registry.it.csiro.au/def/environment/property/chlorophyll_concentration,chlorophyll concentration,,
chlorpyrifos concentration,http://registry.it.csiro.au/def/environment/property/chlorpyrifos_concentration,chlorpyrifos concentration,http://registry.it.csiro.au/def/environment/unit/MicrogramsPerLitre,Micrograms Per Litre
chromium concentration,http://registry.it.csiro.au/def/environment/property/chromium_concentration,chromium concentration,http://registry.it.csiro.au/def/environment/unit/MilligramsPerLitre | http://registry.it.csiro.au/def/environment/unit/MicrogramsPerLitre,Milligrams Per Litre | Micrograms Per Litre
chromium  hexavalent concentration,http://registry.it.csiro.au/def/environment/property/chromium_hexavalent_concentration,"chromium, hexavalent concentration",,
chromium  trivalent concentration,http://registry.it.csiro.au/def/environment/property/chromium_trivalent_concentration,"chromium, trivalent concentration",,
chrysene concentration,http://registry.it.csiro.au/def/environment/property/chrysene_concentration,chrysene concentration,http://registry.it.csiro.au/def/environment/unit/MicrogramsPerLitre | http://registry.it.csiro.au/def/environment/unit/MilligramsPerLitre,Micrograms Per Litre | Milligrams Per Litre
clay fraction,http://registry.it.csiro.au/def/environment/property/clay_fraction,clay fraction,http://registry.it.csiro.au/def/environment/unit/MilligramsPerLitre | http://qudt.org/vocab/unit#KilogramPerCubicMeter,Milligrams Per Litre | Kilogram Per Cubic Meter
cobalt concentration,http://registry.it.csiro.au/def/environment/property/cobalt_concentration,cobalt concentration,http://registry.it.csiro.au/def/environment/unit/MicrogramsPerLitre | http://registry.it.csiro.au/def/environment/unit/MilligramsPerLitre,Micrograms Per Litre | Milligrams Per Litre
coliform concentration,http://registry.it.csiro.au/def/environment/property/coliform_concentration,coliform concentration,http://qudt.org/vocab/unit#ColonyFormingUnit,Colony Forming Unit
water colour,http://registry.it.csiro.au/def/environment/property/colour_water,water colour,http://registry.it.csiro.au/def/environment/unit/Hazen,Hazen
copper concentration,http://registry.it.csiro.au/def/environment/property/copper_concentration,copper concentration,http://registry.it.csiro.au/def/environment/unit/MilligramsPerLitre,Milligrams Per Litre
crocodile concentration,http://registry.it.csiro.au/def/environment/property/crocodile_concentration,crocodile concentration,http://qudt.org/vocab/unit#Number,Number
degree heating days@en,http://registry.it.csiro.au/def/environment/property/degree_heating_day_counts,degree heating days@en,http://qudt.org/vocab/unit#Day,Day
degree heating days,http://registry.it.csiro.au/def/environment/property/degree_heating_days,degree heating days,http://registry.it.csiro.au/def/environment/unit/DegreeCelsiusHeatingDay,Degree Celsius Heating Day
deuterium concentration,http://registry.it.csiro.au/def/environment/property/deuterium_concentration,deuterium concentration,,
dew point temperature,http://registry.it.csiro.au/def/environment/property/dew_point_temperature,dew point temperature,http://qudt.org/vocab/unit#DegreeCelsius,Degree Celsius
dibenza hanthracene concentration,http://registry.it.csiro.au/def/environment/property/dibenz_a_h_anthracene_concentration,"dibenz[a,h]anthracene concentration",http://registry.it.csiro.au/def/environment/unit/MicrogramsPerLitre | http://registry.it.csiro.au/def/environment/unit/MilligramsPerLitre,Micrograms Per Litre | Milligrams Per Litre
1 2 dibromo 3 chloropropane concentration,http://registry.it.csiro.au/def/environment/property/dibromo-3-chloropropane_12_concentration,"1,2-dibromo-3-chloropropane concentration",http://registry.it.csiro.au/def/environment/unit/MilligramsPerLitre,Milligrams Per Litre
dibromochloromethane concentration,http://registry.it.csiro.au/def/environment/property/dibromochloromethane_concentration,dibromochloromethane concentration,http://registry.it.csiro.au/def/environment/unit/MilligramsPerLitre | http://registry.it.csiro.au/def/environment/unit/MicrogramsPerLitre,Milligrams Per Litre | Micrograms Per Litre
1 2 dibromoethane concentration,http://registry.it.csiro.au/def/environment/property/dibromoethane_12_concentration,"1,2-dibromoethane concentration",http://registry.it.csiro.au/def/environment/unit/MilligramsPerLitre,Milligrams Per Litre
dibromomethane concentration,http://registry.it.csiro.au/def/environment/property/dibromomethane_concentration,dibromomethane concentration,http://registry.it.csiro.au/def/environment/unit/MilligramsPerLitre,Milligrams Per Litre
1 1 dichloro 1 propene concentration,http://registry.it.csiro.au/def/environment/property/dichloro-1-propene_11_concentration,"1,1-dichloro-1-propene concentration",http://registry.it.csiro.au/def/environment/unit/MilligramsPerLitre,Milligrams Per Litre
cis 1 4 dichloro 2 butene concentration,http://registry.it.csiro.au/def/environment/property/dichloro_14-butene_2-cis_concentration,"cis-1,4-dichloro-2-butene concentration",http://registry.it.csiro.au/def/environment/unit/MilligramsPerLitre,Milligrams Per Litre
1 2 dichlorobenzene concentration,http://registry.it.csiro.au/def/environment/property/dichlorobenzene_12_concentration,"1,2-dichlorobenzene concentration",http://registry.it.csiro.au/def/environment/unit/MicrogramsPerLitre | http://registry.it.csiro.au/def/environment/unit/MilligramsPerLitre,Micrograms Per Litre | Milligrams Per Litre
1 3 dichlorobenzene concentration,http://registry.it.csiro.au/def/environment/property/dichlorobenzene_13_concentration,"1,3-dichlorobenzene concentration",http://registry.it.csiro.au/def/environment/unit/MilligramsPerLitre | http://registry.it.csiro.au/def/environment/unit/MicrogramsPerLitre,Milligrams Per Litre | Micrograms Per Litre
1 4 dichlorobenzene concentration,http://registry.it.csiro.au/def/environment/property/dichlorobenzene_14_concentration,"1,4-dichlorobenzene concentration",http://registry.it.csiro.au/def/environment/unit/MilligramsPerLitre | http://registry.it.csiro.au/def/environment/unit/MicrogramsPerLitre,Milligrams Per Litre | Micrograms Per Litre
dichlorodifluoromethane concentration,http://registry.it.csiro.au/def/environment/property/dichlorodifluoromethane_concentration,dichlorodifluoromethane concentration,http://registry.it.csiro.au/def/environment/unit/MilligramsPerLitre,Milligrams Per Litre
dichlorodiphenyldichloroethane concentration,http://registry.it.csiro.au/def/environment/property/dichlorodiphenyldichloroethane_concentration,dichlorodiphenyldichloroethane concentration,http://registry.it.csiro.au/def/environment/unit/MicrogramsPerLitre,Micrograms Per Litre
dichlorodiphenyldichloroethylene concentration,http://registry.it.csiro.au/def/environment/property/dichlorodiphenyldichloroethylene_concentration,dichlorodiphenyldichloroethylene concentration,http://registry.it.csiro.au/def/environment/unit/MicrogramsPerLitre,Micrograms Per Litre
dichlorodiphenyltrichloroethane concentration,http://registry.it.csiro.au/def/environment/property/dichlorodiphenyltrichloroethane_concentration,dichlorodiphenyltrichloroethane concentration,http://registry.it.csiro.au/def/environment/unit/MicrogramsPerLitre,Micrograms Per Litre
1 1 dichloroethane concentration,http://registry.it.csiro.au/def/environment/property/dichloroethane_11_concentration,"1,1-dichloroethane concentration",http://registry.it.csiro.au/def/environment/unit/MicrogramsPerLitre | http://registry.it.csiro.au/def/environment/unit/MilligramsPerLitre,Micrograms Per Litre | Milligrams Per Litre
1 2 dichloroethane d4 concentration,http://registry.it.csiro.au/def/environment/property/dichloroethane_12-D4_concentration,"1,2-dichloroethane-D4 concentration",http://registry.it.csiro.au/def/environment/unit/MilligramsPerLitre,Milligrams Per Litre
1 2 dichloroethane concentration,http://registry.it.csiro.au/def/environment/property/dichloroethane_12_concentration,"1,2-dichloroethane concentration",http://registry.it.csiro.au/def/environment/unit/MicrogramsPerLitre | http://registry.it.csiro.au/def/environment/unit/MilligramsPerLitre,Micrograms Per Litre | Milligrams Per Litre
1 1 dichloroethene concentration,http://registry.it.csiro.au/def/environment/property/dichloroethene_11_concentration,"1,1-dichloroethene concentration",http://registry.it.csiro.au/def/environment/unit/MilligramsPerLitre,Milligrams Per Litre
cis 1 2 dichloroethene concentration,http://registry.it.csiro.au/def/environment/property/dichloroethene_cis_12_concentration,"cis-1,2-dichloroethene concentration",http://registry.it.csiro.au/def/environment/unit/MilligramsPerLitre,Milligrams Per Litre
dichloromethane concentration,http://registry.it.csiro.au/def/environment/property/dichloromethane_concentration,dichloromethane concentration,http://registry.it.csiro.au/def/environment/unit/MilligramsPerLitre,Milligrams Per Litre
2 4 dichlorophenol concentration,http://registry.it.csiro.au/def/environment/property/dichlorophenol_24_concentration,"2,4-dichlorophenol concentration",http://registry.it.csiro.au/def/environment/unit/MicrogramsPerLitre | http://registry.it.csiro.au/def/environment/unit/MilligramsPerLitre,Micrograms Per Litre | Milligrams Per Litre
2 6 dichlorophenol concentration,http://registry.it.csiro.au/def/environment/property/dichlorophenol_26_concentration,"2,6-dichlorophenol concentration",http://registry.it.csiro.au/def/environment/unit/MilligramsPerLitre | http://registry.it.csiro.au/def/environment/unit/MicrogramsPerLitre,Milligrams Per Litre | Micrograms Per Litre
1 2 dichloropropane concentration,http://registry.it.csiro.au/def/environment/property/dichloropropane_12_concentration,"1,2-dichloropropane concentration",http://registry.it.csiro.au/def/environment/unit/MilligramsPerLitre,Milligrams Per Litre
1 3 dichloropropane concentration,http://registry.it.csiro.au/def/environment/property/dichloropropane_13_concentration,"1,3-dichloropropane concentration",http://registry.it.csiro.au/def/environment/unit/MilligramsPerLitre,Milligrams Per Litre
2 2 dichloropropane concentration,http://registry.it.csiro.au/def/environment/property/dichloropropane_22_concentration,"2,2-dichloropropane concentration",http://registry.it.csiro.au/def/environment/unit/MilligramsPerLitre,Milligrams Per Litre
cis 1 3 dichloropropene concentration,http://registry.it.csiro.au/def/environment/property/dichloropropene_cis_13_concentration,"cis-1,3-dichloropropene concentration",http://registry.it.csiro.au/def/environment/unit/MilligramsPerLitre,Milligrams Per Litre
dieldrin concentration,http://registry.it.csiro.au/def/environment/property/dieldrin_concentration,dieldrin concentration,http://registry.it.csiro.au/def/environment/unit/MicrogramsPerLitre,Micrograms Per Litre
1 2 dihydroacenaphthylene concentration,http://registry.it.csiro.au/def/environment/property/dihydroacenaphthylene_12_concentration,"1,2-dihydroacenaphthylene concentration",http://registry.it.csiro.au/def/environment/unit/MicrogramsPerLitre | http://registry.it.csiro.au/def/environment/unit/MilligramsPerLitre,Micrograms Per Litre | Milligrams Per Litre
1 3 1 4 dimethylbenzene concentration,http://registry.it.csiro.au/def/environment/property/dimethylbenzene_13-14_concentration,"1,3-1,4 dimethylbenzene concentration",http://registry.it.csiro.au/def/environment/unit/MilligramsPerLitre,Milligrams Per Litre
2 4 dimethylphenol concentration,http://registry.it.csiro.au/def/environment/property/dimethylphenol_24_concentration,"2,4-dimethylphenol concentration",http://registry.it.csiro.au/def/environment/unit/MicrogramsPerLitre | http://registry.it.csiro.au/def/environment/unit/MilligramsPerLitre,Micrograms Per Litre | Milligrams Per Litre
2 2 dimethylpropane concentration,http://registry.it.csiro.au/def/environment/property/dimethylpropane_2_2_concentration,"2,2-dimethylpropane concentration",http://registry.it.csiro.au/def/environment/unit/MolPercent,Mol Percent
discharge,http://registry.it.csiro.au/def/environment/property/discharge,discharge,http://registry.it.csiro.au/def/environment/unit/MegalitrePerWeek | http://registry.it.csiro.au/def/environment/unit/MegalitrePerDay | http://registry.it.csiro.au/def/environment/unit/LitrePerSecond | http://qudt.org/vocab/unit#CubicMeterPerSecond | http://registry.it.csiro.au/def/environment/unit/MegalitrePerMonth | http://qudt.org/vocab/unit#CubicMeterPerHour,Megalitre Per Week | Megalitre Per Day | Litre Per Second | Cubic Meter Per Second | Megalitre Per Month | Cubic Meter Per Hour
dysprosium concentration,http://registry.it.csiro.au/def/environment/property/dysprosium_concentration,dysprosium concentration,http://registry.it.csiro.au/def/environment/unit/MilligramsPerLitre | http://registry.it.csiro.au/def/environment/unit/MicrogramsPerLitre,Milligrams Per Litre | Micrograms Per Litre
electrical conductivity of water,http://registry.it.csiro.au/def/environment/property/electrical_conductivity_water,electrical conductivity of water,http://registry.it.csiro.au/def/environment/unit/MilliSiemensPerCentimetre | http://registry.it.csiro.au/def/environment/unit/MilligramsPerLitre | http://registry.it.csiro.au/def/environment/unit/MicroSiemensPerCentimetre,Milli Siemens Per Centimetre | Milligrams Per Litre | Micro Siemens Per Centimetre
water electrical conductivity @ 25c,http://registry.it.csiro.au/def/environment/property/electrical_conductivity_water_at_25C,water electrical conductivity @ 25C,http://registry.it.csiro.au/def/environment/unit/MicroSiemensPerCentimetre | http://registry.it.csiro.au/def/environment/unit/MilligramsPerLitre,Micro Siemens Per Centimetre | Milligrams Per Litre
endosulfan concentration,http://registry.it.csiro.au/def/environment/property/endosulfan_concentration,endosulfan concentration,,
endrin concentration,http://registry.it.csiro.au/def/environment/property/endrin_concentration,endrin concentration,http://registry.it.csiro.au/def/environment/unit/MicrogramsPerLitre,Micrograms Per Litre
erbium concentration,http://registry.it.csiro.au/def/environment/property/erbium_concentration,erbium concentration,http://registry.it.csiro.au/def/environment/unit/MilligramsPerLitre | http://registry.it.csiro.au/def/environment/unit/MicrogramsPerLitre,Milligrams Per Litre | Micrograms Per Litre
escherichia coli count,http://registry.it.csiro.au/def/environment/property/escherichia_coli_count,escherichia coli count,http://qudt.org/vocab/unit#ColonyFormingUnit,Colony Forming Unit
estuarine crocodile concentration,http://registry.it.csiro.au/def/environment/property/estuarine_crocodile_concentration,estuarine crocodile concentration,http://qudt.org/vocab/unit#Number,Number
ethane concentration,http://registry.it.csiro.au/def/environment/property/ethane_concentration,ethane concentration,http://registry.it.csiro.au/def/environment/unit/MolPercent,Mol Percent
ethenyl acetate concentration,http://registry.it.csiro.au/def/environment/property/ethenyl_acetate_concentration,ethenyl acetate concentration,http://registry.it.csiro.au/def/environment/unit/MilligramsPerLitre,Milligrams Per Litre
ethion concentration,http://registry.it.csiro.au/def/environment/property/ethion_concentration,ethion concentration,http://registry.it.csiro.au/def/environment/unit/MicrogramsPerLitre,Micrograms Per Litre
ethyl acetate concentration,http://registry.it.csiro.au/def/environment/property/ethyl_acetate_concentration,ethyl acetate concentration,,
ethylbenzene concentration,http://registry.it.csiro.au/def/environment/property/ethylbenzene_concentration,ethylbenzene concentration,http://registry.it.csiro.au/def/environment/unit/MicrogramsPerLitre | http://registry.it.csiro.au/def/environment/unit/MilligramsPerLitre,Micrograms Per Litre | Milligrams Per Litre
europium concentration,http://registry.it.csiro.au/def/environment/property/europium_concentration,europium concentration,http://registry.it.csiro.au/def/environment/unit/MicrogramsPerLitre | http://registry.it.csiro.au/def/environment/unit/MilligramsPerLitre,Micrograms Per Litre | Milligrams Per Litre
faecal coliform concentration,http://registry.it.csiro.au/def/environment/property/faecal_coliform_concentration,faecal coliform concentration,http://qudt.org/vocab/unit#ColonyFormingUnit,Colony Forming Unit
faecal streptococci concentration,http://registry.it.csiro.au/def/environment/property/faecal_streptococci_concentration,faecal streptococci concentration,http://qudt.org/vocab/unit#ColonyFormingUnit,Colony Forming Unit
figure of merit ratio,http://registry.it.csiro.au/def/environment/property/figure_of_merit-ratio,figure of merit ratio,http://qudt.org/vocab/unit#Unitless,Unitless
filterable reactive phosphate as p concentration,http://registry.it.csiro.au/def/environment/property/filterable_reactive_phosphorus_as_P_concentration,filterable reactive phosphate as P concentration,http://registry.it.csiro.au/def/environment/unit/MilligramsPerLitre,Milligrams Per Litre
fluoranthene concentration,http://registry.it.csiro.au/def/environment/property/fluoranthene_concentration,fluoranthene concentration,http://registry.it.csiro.au/def/environment/unit/MilligramsPerLitre | http://registry.it.csiro.au/def/environment/unit/MicrogramsPerLitre,Milligrams Per Litre | Micrograms Per Litre
fluorene concentration,http://registry.it.csiro.au/def/environment/property/fluorene_concentration,fluorene concentration,http://registry.it.csiro.au/def/environment/unit/MilligramsPerLitre,Milligrams Per Litre
fluoride concentration,http://registry.it.csiro.au/def/environment/property/fluoride_concentration,fluoride concentration,http://registry.it.csiro.au/def/environment/unit/MilliEquivalentPerLitre | http://registry.it.csiro.au/def/environment/unit/MilligramsPerLitre,Milli Equivalent Per Litre | Milligrams Per Litre
fluorine concentration,http://registry.it.csiro.au/def/environment/property/fluorine_concentration,fluorine concentration,,
2 fluorobiphenyl concentration,http://registry.it.csiro.au/def/environment/property/fluorobiphenyl_2_concentration,2-fluorobiphenyl concentration,http://registry.it.csiro.au/def/environment/unit/MilligramsPerLitre,Milligrams Per Litre
formaldehyde concentration,http://registry.it.csiro.au/def/environment/property/formaldehyde_concentration,formaldehyde concentration,http://environment.data.gov.au/def/unit/PerBillion,environment.data.gov.au/def/unit/ Per Billion
gadolinium concentration,http://registry.it.csiro.au/def/environment/property/gadolinium_concentration,gadolinium concentration,http://registry.it.csiro.au/def/environment/unit/MicrogramsPerLitre | http://registry.it.csiro.au/def/environment/unit/MilligramsPerLitre,Micrograms Per Litre | Milligrams Per Litre
gallium concentration,http://registry.it.csiro.au/def/environment/property/gallium_concentration,gallium concentration,http://registry.it.csiro.au/def/environment/unit/MicrogramsPerLitre | http://registry.it.csiro.au/def/environment/unit/MilligramsPerLitre,Micrograms Per Litre | Milligrams Per Litre
gamma hexachlorocyclohexane concentration,http://registry.it.csiro.au/def/environment/property/gamma-hexachlorocyclohexane_concentration,gamma-hexachlorocyclohexane concentration,http://registry.it.csiro.au/def/environment/unit/MicrogramsPerLitre,Micrograms Per Litre
hafnium concentration,http://registry.it.csiro.au/def/environment/property/hafnium_concentration,hafnium concentration,http://registry.it.csiro.au/def/environment/unit/MilligramsPerLitre | http://registry.it.csiro.au/def/environment/unit/MicrogramsPerLitre,Milligrams Per Litre | Micrograms Per Litre
halide concentration,http://registry.it.csiro.au/def/environment/property/halide_concentration,halide concentration,,
haloalkane concentration,http://registry.it.csiro.au/def/environment/property/haloalkane_concentration,haloalkane concentration,,
halocarbon concentration,http://registry.it.csiro.au/def/environment/property/halocarbon_concentration,halocarbon concentration,,
purgeable halocarbon concentration,http://registry.it.csiro.au/def/environment/property/halocarbon_purgeable_concentration,purgeable halocarbon concentration,,
halogen concentration,http://registry.it.csiro.au/def/environment/property/halogen_concentration,halogen concentration,,
total hardness as caco3,http://registry.it.csiro.au/def/environment/property/hardness_as_CaCO3,total hardness as CaCO3,http://registry.it.csiro.au/def/environment/unit/MilligramsPerLitre,Milligrams Per Litre
non carbonate hardness,http://registry.it.csiro.au/def/environment/property/hardness_non-carbonate,non-carbonate hardness,,
helium concentration,http://registry.it.csiro.au/def/environment/property/helium_concentration,helium concentration,,
heptachlor concentration,http://registry.it.csiro.au/def/environment/property/heptachlor_concentration,heptachlor concentration,http://registry.it.csiro.au/def/environment/unit/MicrogramsPerLitre,Micrograms Per Litre
heptachlor epoxide concentration,http://registry.it.csiro.au/def/environment/property/heptachlor_epoxide_concentration,heptachlor epoxide concentration,http://registry.it.csiro.au/def/environment/unit/MicrogramsPerLitre,Micrograms Per Litre
hexachlorobenzene concentration,http://registry.it.csiro.au/def/environment/property/hexachlorobenzene_concentration,hexachlorobenzene concentration,http://registry.it.csiro.au/def/environment/unit/MicrogramsPerLitre,Micrograms Per Litre
hexachlorobutadiene concentration,http://registry.it.csiro.au/def/environment/property/hexachlorobutadiene_concentration,hexachlorobutadiene concentration,http://registry.it.csiro.au/def/environment/unit/MilligramsPerLitre,Milligrams Per Litre
hexan 2 one concentration,http://registry.it.csiro.au/def/environment/property/hexan-2-one_concentration,hexan-2-one concentration,http://registry.it.csiro.au/def/environment/unit/MilligramsPerLitre,Milligrams Per Litre
hexane concentration,http://registry.it.csiro.au/def/environment/property/hexane_concentration,hexane concentration,http://registry.it.csiro.au/def/environment/unit/MolPercent,Mol Percent
holmium concentration,http://registry.it.csiro.au/def/environment/property/holmium_concentration,holmium concentration,http://registry.it.csiro.au/def/environment/unit/MicrogramsPerLitre | http://registry.it.csiro.au/def/environment/unit/MilligramsPerLitre,Micrograms Per Litre | Milligrams Per Litre
hydrocarbon concentration,http://registry.it.csiro.au/def/environment/property/hydrocarbon_concentration,hydrocarbon concentration,,
petroleum hydrocarbon concentration,http://registry.it.csiro.au/def/environment/property/hydrocarbon_petroleum_concentration,petroleum hydrocarbon concentration,,
hydrogen sulfide concentration,http://registry.it.csiro.au/def/environment/property/hydrogen_sulfide_concentration,hydrogen sulfide concentration,http://registry.it.csiro.au/def/environment/unit/MilligramsPerLitre,Milligrams Per Litre
indeno1 2 3 c dpyrene concentration,http://registry.it.csiro.au/def/environment/property/indeno_123cd_pyrene_concentration,"indeno(1,2,3-c,d)pyrene concentration",http://registry.it.csiro.au/def/environment/unit/MicrogramsPerLitre | http://registry.it.csiro.au/def/environment/unit/MilligramsPerLitre,Micrograms Per Litre | Milligrams Per Litre
indium concentration,http://registry.it.csiro.au/def/environment/property/indium_concentration,indium concentration,http://registry.it.csiro.au/def/environment/unit/MilligramsPerLitre | http://registry.it.csiro.au/def/environment/unit/MicrogramsPerLitre,Milligrams Per Litre | Micrograms Per Litre
iodide concentration,http://registry.it.csiro.au/def/environment/property/iodide_concentration,iodide concentration,http://registry.it.csiro.au/def/environment/unit/MilligramsPerLitre,Milligrams Per Litre
iodine concentration,http://registry.it.csiro.au/def/environment/property/iodine_concentration,iodine concentration,http://registry.it.csiro.au/def/environment/unit/MilligramsPerLitre,Milligrams Per Litre
iodomethane concentration,http://registry.it.csiro.au/def/environment/property/iodomethane_concentration,iodomethane concentration,http://registry.it.csiro.au/def/environment/unit/MilligramsPerLitre,Milligrams Per Litre
ion concentration@en,http://registry.it.csiro.au/def/environment/property/ion_concentration,ion concentration@en,,
total dissolved ions,http://registry.it.csiro.au/def/environment/property/ions-total_dissolved,total dissolved ions,http://registry.it.csiro.au/def/environment/unit/PSU | http://registry.it.csiro.au/def/environment/unit/MilligramsPerLitre,PSU | Milligrams Per Litre
iron concentration,http://registry.it.csiro.au/def/environment/property/iron_concentration,iron concentration,http://qudt.org/vocab/unit#Percent | http://registry.it.csiro.au/def/environment/unit/MilligramsPerKilogram,Percent | Milligrams Per Kilogram
iron iii concentration,http://registry.it.csiro.au/def/environment/property/iron_ferric_concentration,iron (III) concentration,http://qudt.org/vocab/unit#Percent | http://registry.it.csiro.au/def/environment/unit/MicrogramsPerLitre | http://registry.it.csiro.au/def/environment/unit/MilligramsPerKilogram | http://registry.it.csiro.au/def/environment/unit/MilligramsPerLitre,Percent | Micrograms Per Litre | Milligrams Per Kilogram | Milligrams Per Litre
iron ii concentration,http://registry.it.csiro.au/def/environment/property/iron_ferrous_concentration,iron (II) concentration,http://registry.it.csiro.au/def/environment/unit/MilligramsPerLitre,Milligrams Per Litre
iron sulfide concentration or iron sulphide concentration,http://registry.it.csiro.au/def/environment/property/iron_sulfide_concentration,iron sulfide concentration | iron sulphide concentration,,
isobutane concentration,http://registry.it.csiro.au/def/environment/property/isobutane_concentration,isobutane concentration,http://registry.it.csiro.au/def/environment/unit/MolPercent,Mol Percent
isopentane concentration,http://registry.it.csiro.au/def/environment/property/isopentane_concentration,isopentane concentration,http://registry.it.csiro.au/def/environment/unit/MolPercent,Mol Percent
isopropylbenzene concentration,http://registry.it.csiro.au/def/environment/property/isopropylbenzene_concentration,isopropylbenzene concentration,http://registry.it.csiro.au/def/environment/unit/MilligramsPerLitre,Milligrams Per Litre
johnston\s crocodile concentration,http://registry.it.csiro.au/def/environment/property/johnstons_crocodile_concentration,johnston\s crocodile concentration,http://qudt.org/vocab/unit#Number,Number
lanthanide concentration,http://registry.it.csiro.au/def/environment/property/lanthanide_concentration,lanthanide concentration,,
lanthanum concentration,http://registry.it.csiro.au/def/environment/property/lanthanum_concentration,lanthanum concentration,http://registry.it.csiro.au/def/environment/unit/MicrogramsPerLitre | http://registry.it.csiro.au/def/environment/unit/MilligramsPerLitre,Micrograms Per Litre | Milligrams Per Litre
lead concentration,http://registry.it.csiro.au/def/environment/property/lead_concentration,lead concentration,http://registry.it.csiro.au/def/environment/unit/MilligramsPerLitre | http://registry.it.csiro.au/def/environment/unit/MicrogramsPerLitre,Milligrams Per Litre | Micrograms Per Litre
life form observable properties@en,http://registry.it.csiro.au/def/environment/property/life_form_observables,life form observable properties@en,,
lithium concentration,http://registry.it.csiro.au/def/environment/property/lithium_concentration,lithium concentration,http://registry.it.csiro.au/def/environment/unit/MilligramsPerLitre,Milligrams Per Litre
lutetium concentration,http://registry.it.csiro.au/def/environment/property/lutetium_concentration,lutetium concentration,http://registry.it.csiro.au/def/environment/unit/MilligramsPerLitre | http://registry.it.csiro.au/def/environment/unit/MicrogramsPerLitre,Milligrams Per Litre | Micrograms Per Litre
magnesium concentration,http://registry.it.csiro.au/def/environment/property/magnesium_concentration,magnesium concentration,http://registry.it.csiro.au/def/environment/unit/MilligramsPerKilogram | http://qudt.org/vocab/unit#Percent | http://registry.it.csiro.au/def/environment/unit/MilligramsPerLitre,Milligrams Per Kilogram | Percent | Milligrams Per Litre
major element observable properties@en,http://registry.it.csiro.au/def/environment/property/major_element_observables,major element observable properties@en,,
manganese concentration,http://registry.it.csiro.au/def/environment/property/manganese_concentration,manganese concentration,http://qudt.org/vocab/unit#Percent | http://registry.it.csiro.au/def/environment/unit/MilligramsPerLitre | http://registry.it.csiro.au/def/environment/unit/MicrogramsPerLitre,Percent | Milligrams Per Litre | Micrograms Per Litre
mercury concentration,http://registry.it.csiro.au/def/environment/property/mercury_concentration,mercury concentration,http://registry.it.csiro.au/def/environment/unit/MilligramsPerLitre,Milligrams Per Litre
metal concentration,http://registry.it.csiro.au/def/environment/property/metal_concentration,metal concentration,,
metalloid concentration,http://registry.it.csiro.au/def/environment/property/metalloid_concentration,metalloid concentration,,
methane concentration,http://registry.it.csiro.au/def/environment/property/methane_concentration,methane concentration,http://registry.it.csiro.au/def/environment/unit/MolPercent,Mol Percent
methoxychlor concentration,http://registry.it.csiro.au/def/environment/property/methoxychlor_concentration,methoxychlor concentration,http://registry.it.csiro.au/def/environment/unit/MicrogramsPerLitre,Micrograms Per Litre
4 methylpentan 2 one concentration,http://registry.it.csiro.au/def/environment/property/methyl_isobutyl_ketone_concentration,4-methylpentan-2-one concentration,http://registry.it.csiro.au/def/environment/unit/MilligramsPerLitre,Milligrams Per Litre
2 methoxy 2 methylpropane concentration,http://registry.it.csiro.au/def/environment/property/methyl_tert-butyl_ether_concentration,2-Methoxy-2-methylpropane concentration,http://registry.it.csiro.au/def/environment/unit/MilligramsPerLitre,Milligrams Per Litre
monomethylmercuryii cation concentration,http://registry.it.csiro.au/def/environment/property/methylmercury_concentration,monomethylmercury(II) cation concentration,,
tricresol concentration,http://registry.it.csiro.au/def/environment/property/methylphenol_234_concentration,tricresol concentration,http://registry.it.csiro.au/def/environment/unit/MilligramsPerLitre | http://registry.it.csiro.au/def/environment/unit/MicrogramsPerLitre,Milligrams Per Litre | Micrograms Per Litre
2 methylphenol concentration,http://registry.it.csiro.au/def/environment/property/methylphenol_2_concentration,2-methylphenol concentration,http://registry.it.csiro.au/def/environment/unit/MilligramsPerLitre | http://registry.it.csiro.au/def/environment/unit/MicrogramsPerLitre,Milligrams Per Litre | Micrograms Per Litre
minor or trace element observable properties@en,http://registry.it.csiro.au/def/environment/property/minor-trace_element_observables,minor or trace element observable properties@en,,
molybdenum concentration,http://registry.it.csiro.au/def/environment/property/molybdenum_concentration,molybdenum concentration,http://registry.it.csiro.au/def/environment/unit/MilligramsPerLitre,Milligrams Per Litre
monocyclic aromatic hydrocarbon concentration,http://registry.it.csiro.au/def/environment/property/monocyclic_aromatic_hydrocarbon_concentration,monocyclic aromatic hydrocarbon concentration,http://registry.it.csiro.au/def/environment/unit/MicrogramsPerLitre | http://registry.it.csiro.au/def/environment/unit/MilligramsPerLitre,Micrograms Per Litre | Milligrams Per Litre
n butane concentration,http://registry.it.csiro.au/def/environment/property/n-butane_concentration,n-butane concentration,http://registry.it.csiro.au/def/environment/unit/MolPercent,Mol Percent
naphthalene concentration,http://registry.it.csiro.au/def/environment/property/naphthalene_concentration,naphthalene concentration,http://registry.it.csiro.au/def/environment/unit/MicrogramsPerLitre | http://registry.it.csiro.au/def/environment/unit/MilligramsPerLitre,Micrograms Per Litre | Milligrams Per Litre
neodymium concentration,http://registry.it.csiro.au/def/environment/property/neodymium_concentration,neodymium concentration,http://registry.it.csiro.au/def/environment/unit/MilligramsPerLitre | http://registry.it.csiro.au/def/environment/unit/MicrogramsPerLitre,Milligrams Per Litre | Micrograms Per Litre
nickel concentration,http://registry.it.csiro.au/def/environment/property/nickel_concentration,nickel concentration,http://registry.it.csiro.au/def/environment/unit/MicrogramsPerLitre | http://registry.it.csiro.au/def/environment/unit/MilligramsPerLitre,Micrograms Per Litre | Milligrams Per Litre
nitrate n concentration,http://registry.it.csiro.au/def/environment/property/nitrate_concentration,nitrate N concentration,http://registry.it.csiro.au/def/environment/unit/MilligramsPerCubicMeter | http://registry.it.csiro.au/def/environment/unit/MilligramsPerLitre | http://registry.it.csiro.au/def/environment/unit/MilligramsPerKilogram,Milligrams Per Cubic Meter | Milligrams Per Litre | Milligrams Per Kilogram
nitrate and nitrite n concentration,http://registry.it.csiro.au/def/environment/property/nitrate_nitrite_concentration,nitrate and nitrite N concentration,http://registry.it.csiro.au/def/environment/unit/MilligramsPerLitre,Milligrams Per Litre
nitrite n concentration,http://registry.it.csiro.au/def/environment/property/nitrite_concentration,nitrite N concentration,http://registry.it.csiro.au/def/environment/unit/MilligramsPerLitre,Milligrams Per Litre
albuminoid nitrogen concentration,http://registry.it.csiro.au/def/environment/property/nitrogen_albuminoid,albuminoid nitrogen concentration,,
nitrogen concentration,http://registry.it.csiro.au/def/environment/property/nitrogen_concentration,nitrogen concentration,http://registry.it.csiro.au/def/environment/unit/MilligramsPerLitre | http://registry.it.csiro.au/def/environment/unit/MilligramsPerCubicMeter | http://registry.it.csiro.au/def/environment/unit/MolPercent | http://registry.it.csiro.au/def/environment/unit/MilligramsPerSquareMeter,Milligrams Per Litre | Milligrams Per Cubic Meter | Mol Percent | Milligrams Per Square Meter
dissolved nitrogen concentration,http://registry.it.csiro.au/def/environment/property/nitrogen_concentration-dissolved,dissolved nitrogen concentration,http://registry.it.csiro.au/def/environment/unit/MilligramsPerCubicMeter | http://registry.it.csiro.au/def/environment/unit/MolPercent | http://registry.it.csiro.au/def/environment/unit/MilligramsPerLitre | http://registry.it.csiro.au/def/environment/unit/MilligramsPerSquareMeter,Milligrams Per Cubic Meter | Mol Percent | Milligrams Per Litre | Milligrams Per Square Meter
nitrogen concentration kjeldahl method,http://registry.it.csiro.au/def/environment/property/nitrogen_concentration-kjeldahl,nitrogen concentration - kjeldahl method,http://registry.it.csiro.au/def/environment/unit/MilligramsPerLitre,Milligrams Per Litre
inorganic nitrogen concentration,http://registry.it.csiro.au/def/environment/property/nitrogen_inorganic_concentration,inorganic nitrogen concentration,http://registry.it.csiro.au/def/environment/unit/MilligramsPerCubicMeter,Milligrams Per Cubic Meter
organic nitrogen concentration,http://registry.it.csiro.au/def/environment/property/nitrogen_organic_concentration,organic nitrogen concentration,http://registry.it.csiro.au/def/environment/unit/MilligramsPerCubicMeter,Milligrams Per Cubic Meter
nitrogen oxides concentration,http://registry.it.csiro.au/def/environment/property/nitrogen_oxides_concentration,nitrogen oxides concentration,http://registry.it.csiro.au/def/environment/unit/MilligramsPerLitre | http://registry.it.csiro.au/def/environment/unit/MilligramsPerSquareMeter | http://registry.it.csiro.au/def/environment/unit/MilligramsPerCubicMeter | http://registry.it.csiro.au/def/environment/unit/MolPercent,Milligrams Per Litre | Milligrams Per Square Meter | Milligrams Per Cubic Meter | Mol Percent
2 nitrophenol concentration,http://registry.it.csiro.au/def/environment/property/nitrophenol_2_concentration,2-nitrophenol concentration,http://registry.it.csiro.au/def/environment/unit/MilligramsPerLitre | http://registry.it.csiro.au/def/environment/unit/MicrogramsPerLitre,Milligrams Per Litre | Micrograms Per Litre
noble gas concentration,http://registry.it.csiro.au/def/environment/property/noble_gas_concentration,noble gas concentration,,
non metal concentration,http://registry.it.csiro.au/def/environment/property/non-metal_concentration,non-metal concentration,,
nutrient concentration,http://registry.it.csiro.au/def/environment/property/nutrient_concentration,nutrient concentration,,
nutrient observable properties@en,http://registry.it.csiro.au/def/environment/property/nutrient_observables,nutrient observable properties@en,,
organic compound concentration,http://registry.it.csiro.au/def/environment/property/organic_compound_concentration,organic compound concentration,,
organic observable properties@en,http://registry.it.csiro.au/def/environment/property/organic_observables,organic observable properties@en,,
organochlorine concentration,http://registry.it.csiro.au/def/environment/property/organochlorine_concentration,organochlorine concentration,,
organophosphate concentration,http://registry.it.csiro.au/def/environment/property/organophosphate_concentration,organophosphate concentration,,
orthophosphate as po4 concentration,http://registry.it.csiro.au/def/environment/property/orthophosphate_as_PO4_concentration,orthophosphate as PO4 concentration,,
orthophosphate as p concentration,http://registry.it.csiro.au/def/environment/property/orthophosphate_as_P_concentration,orthophosphate as P concentration,http://registry.it.csiro.au/def/environment/unit/MilligramsPerLitre,Milligrams Per Litre
orthophosphate concentration,http://registry.it.csiro.au/def/environment/property/orthophosphate_concentration,orthophosphate concentration,,
dissolved oxygen concentration,http://registry.it.csiro.au/def/environment/property/oxygen-dissolved,dissolved oxygen concentration,http://registry.it.csiro.au/def/environment/unit/MilligramsPerLitre | http://qudt.org/vocab/unit#Percent | http://registry.it.csiro.au/def/environment/unit/MilligramsPerCubicMeter,Milligrams Per Litre | Percent | Milligrams Per Cubic Meter
oxygen 18 concentration,http://registry.it.csiro.au/def/environment/property/oxygen_18_concentration,oxygen 18 concentration,http://qudt.org/vocab/unit#Percent | http://registry.it.csiro.au/def/environment/unit/PerMil,Percent | Per Mil
oxygen concentration,http://registry.it.csiro.au/def/environment/property/oxygen_concentration,oxygen concentration,,
water ph,http://registry.it.csiro.au/def/environment/property/pH_water,water pH,http://registry.it.csiro.au/def/environment/unit/pH,pH
4 isopropyltoluene concentration,http://registry.it.csiro.au/def/environment/property/p_isopropyltoluene_concentration,4-isopropyltoluene concentration,http://registry.it.csiro.au/def/environment/unit/MilligramsPerLitre,Milligrams Per Litre
pentachloroethane concentration,http://registry.it.csiro.au/def/environment/property/pentachloroethane_concentration,pentachloroethane concentration,http://registry.it.csiro.au/def/environment/unit/MilligramsPerLitre,Milligrams Per Litre
pentachlorophenol concentration,http://registry.it.csiro.au/def/environment/property/pentachlorophenol_concentration,pentachlorophenol concentration,http://registry.it.csiro.au/def/environment/unit/MilligramsPerLitre | http://registry.it.csiro.au/def/environment/unit/MicrogramsPerLitre,Milligrams Per Litre | Micrograms Per Litre
pentane concentration,http://registry.it.csiro.au/def/environment/property/pentane_concentration,pentane concentration,,
pesticide concentration,http://registry.it.csiro.au/def/environment/property/pesticide_concentration,pesticide concentration,,
organochlorine pesticide concentration,http://registry.it.csiro.au/def/environment/property/pesticide_organochlorine_concentration,organochlorine pesticide concentration,,
organophosphate pesticide concentration,http://registry.it.csiro.au/def/environment/property/pesticide_organophosphate_concentration,organophosphate pesticide concentration,,
phenanthrene concentration,http://registry.it.csiro.au/def/environment/property/phenanthrene_concentration,phenanthrene concentration,http://registry.it.csiro.au/def/environment/unit/MilligramsPerLitre | http://registry.it.csiro.au/def/environment/unit/MicrogramsPerLitre,Milligrams Per Litre | Micrograms Per Litre
phenol d6 concentration,http://registry.it.csiro.au/def/environment/property/phenol-d6_concentration,phenol-d6 concentration,http://registry.it.csiro.au/def/environment/unit/MilligramsPerLitre,Milligrams Per Litre
phenol concentration,http://registry.it.csiro.au/def/environment/property/phenol_concentration,phenol concentration,http://registry.it.csiro.au/def/environment/unit/MilligramsPerLitre | http://registry.it.csiro.au/def/environment/unit/MicrogramsPerLitre,Milligrams Per Litre | Micrograms Per Litre
1 phenylbutane concentration,http://registry.it.csiro.au/def/environment/property/phenylbutane_1_concentration,1-phenylbutane concentration,http://registry.it.csiro.au/def/environment/unit/MilligramsPerLitre,Milligrams Per Litre
phosphate as p concentration,http://registry.it.csiro.au/def/environment/property/phosphate_as_P_concentration,phosphate as P concentration,http://registry.it.csiro.au/def/environment/unit/MilligramsPerLitre,Milligrams Per Litre
phosphate concentration,http://registry.it.csiro.au/def/environment/property/phosphate_concentration,phosphate concentration,http://registry.it.csiro.au/def/environment/unit/MilligramsPerLitre,Milligrams Per Litre
phosphorus concentration,http://registry.it.csiro.au/def/environment/property/phosphorus_concentration,phosphorus concentration,http://registry.it.csiro.au/def/environment/unit/MilligramsPerLitre,Milligrams Per Litre
inorganic phosphorus concentration,http://registry.it.csiro.au/def/environment/property/phosphorus_inorganic_concentration,inorganic phosphorus concentration,http://registry.it.csiro.au/def/environment/unit/MilligramsPerCubicMeter,Milligrams Per Cubic Meter
dissolved inorganic phosphorus concentration,http://registry.it.csiro.au/def/environment/property/phosphorus_inorganic_dissolved_concentration,dissolved inorganic phosphorus concentration,http://registry.it.csiro.au/def/environment/unit/MilligramsPerCubicMeter,Milligrams Per Cubic Meter
particulate inorganic phosphorus concentration,http://registry.it.csiro.au/def/environment/property/phosphorus_inorganic_particulate_concentration,particulate inorganic phosphorus concentration,http://registry.it.csiro.au/def/environment/unit/MilligramsPerCubicMeter,Milligrams Per Cubic Meter
immobilised particulate inorganic phosphorus concentration,http://registry.it.csiro.au/def/environment/property/phosphorus_inorganic_particulate_immobilised_concentration,immobilised particulate inorganic phosphorus concentration,http://registry.it.csiro.au/def/environment/unit/MilligramsPerCubicMeter,Milligrams Per Cubic Meter
organic phosphorus concentration,http://registry.it.csiro.au/def/environment/property/phosphorus_organic_concentration,organic phosphorus concentration,http://registry.it.csiro.au/def/environment/unit/MilligramsPerCubicMeter,Milligrams Per Cubic Meter
dissolved organic phosphorus concentration,http://registry.it.csiro.au/def/environment/property/phosphorus_organic_dissolved_concentration,dissolved organic phosphorus concentration,http://registry.it.csiro.au/def/environment/unit/MilligramsPerCubicMeter,Milligrams Per Cubic Meter
photosynthetic photon flux,http://registry.it.csiro.au/def/environment/property/photosynthetic-photon-flux,photosynthetic photon flux,http://registry.it.csiro.au/def/environment/unit/MicroMolPerSecondPerMetreSquared,Micro Mol Per Second Per Metre Squared
physical observable properties@en,http://registry.it.csiro.au/def/environment/property/physical_observables,physical observable properties@en,,
plasticizer concentration or dispersant concentration or plasticiser concentration@en,http://registry.it.csiro.au/def/environment/property/plasticiser_concentration,plasticizer concentration | dispersant concentration | plasticiser concentration@en,,
polyatomic ion concentration,http://registry.it.csiro.au/def/environment/property/polyatomic_ion_concentration,polyatomic ion concentration,http://registry.it.csiro.au/def/environment/unit/MilliEquivalentPerLitre,Milli Equivalent Per Litre
polycyclic aromatic hydrocarbon concentration,http://registry.it.csiro.au/def/environment/property/polycyclic_aromatic_hydrocarbon_concentration,polycyclic aromatic hydrocarbon concentration,,
polyphosphate as po4 concentration,http://registry.it.csiro.au/def/environment/property/polyphosphate_as_PO4_concentration,polyphosphate as PO4 concentration,,
post transition metal concentration,http://registry.it.csiro.au/def/environment/property/post-transition_metal_concentration,post-transition metal concentration,,
potassium concentration,http://registry.it.csiro.au/def/environment/property/potassium_concentration,potassium concentration,http://registry.it.csiro.au/def/environment/unit/MilligramsPerKilogram | http://registry.it.csiro.au/def/environment/unit/MilligramsPerLitre,Milligrams Per Kilogram | Milligrams Per Litre
practical salinity,http://registry.it.csiro.au/def/environment/property/practical_salinity,practical salinity,http://registry.it.csiro.au/def/environment/unit/PSU,PSU
praseodymium concentration,http://registry.it.csiro.au/def/environment/property/praseodymium_concentration,praseodymium concentration,http://registry.it.csiro.au/def/environment/unit/MicrogramsPerLitre | http://registry.it.csiro.au/def/environment/unit/MilligramsPerLitre,Micrograms Per Litre | Milligrams Per Litre
propane concentration,http://registry.it.csiro.au/def/environment/property/propane_concentration,propane concentration,http://registry.it.csiro.au/def/environment/unit/MolPercent,Mol Percent
propylbenzene concentration,http://registry.it.csiro.au/def/environment/property/propylbenzene_concentration,propylbenzene concentration,http://registry.it.csiro.au/def/environment/unit/MilligramsPerLitre,Milligrams Per Litre
pyrene concentration,http://registry.it.csiro.au/def/environment/property/pyrene_concentration,pyrene concentration,http://registry.it.csiro.au/def/environment/unit/MicrogramsPerLitre | http://registry.it.csiro.au/def/environment/unit/MilligramsPerLitre,Micrograms Per Litre | Milligrams Per Litre
pyrite  concentration,http://registry.it.csiro.au/def/environment/property/pyrite_concentration,pyrite  concentration,,
radon 220 concentration,http://registry.it.csiro.au/def/environment/property/radon220_concentration,radon-220 concentration,http://registry.it.csiro.au/def/environment/unit/BecquerelPerLitre | http://registry.it.csiro.au/def/environment/unit/MilliBecquerelPerLitre,Becquerel Per Litre | Milli Becquerel Per Litre
radon 222 concentration,http://registry.it.csiro.au/def/environment/property/radon222_concentration,radon-222 concentration,http://registry.it.csiro.au/def/environment/unit/MilliBecquerelPerLitre | http://registry.it.csiro.au/def/environment/unit/BecquerelPerLitre,Milli Becquerel Per Litre | Becquerel Per Litre
radon 226 concentration,http://registry.it.csiro.au/def/environment/property/radon226_concentration,radon-226 concentration,http://registry.it.csiro.au/def/environment/unit/BecquerelPerLitre | http://registry.it.csiro.au/def/environment/unit/MilliBecquerelPerLitre,Becquerel Per Litre | Milli Becquerel Per Litre
radon concentration,http://registry.it.csiro.au/def/environment/property/radon_concentration,radon concentration,http://registry.it.csiro.au/def/environment/unit/BecquerelPerLitre | http://registry.it.csiro.au/def/environment/unit/MilliBecquerelPerLitre,Becquerel Per Litre | Milli Becquerel Per Litre
rare earth element concentration,http://registry.it.csiro.au/def/environment/property/rare_earth_element_concentration,rare earth element concentration,,
water reduction potential,http://registry.it.csiro.au/def/environment/property/reduction_potential_water,water reduction potential,http://qudt.org/vocab/unit#Volt | http://registry.it.csiro.au/def/environment/unit/MilliVolt,Volt | Milli Volt
rubidium concentration,http://registry.it.csiro.au/def/environment/property/rubidium_concentration,rubidium concentration,http://registry.it.csiro.au/def/environment/unit/MicrogramsPerLitre | http://registry.it.csiro.au/def/environment/unit/MilligramsPerLitre,Micrograms Per Litre | Milligrams Per Litre
samarium concentration,http://registry.it.csiro.au/def/environment/property/samarium_concentration,samarium concentration,http://registry.it.csiro.au/def/environment/unit/MilligramsPerLitre | http://registry.it.csiro.au/def/environment/unit/MicrogramsPerLitre,Milligrams Per Litre | Micrograms Per Litre
sand fraction,http://registry.it.csiro.au/def/environment/property/sand_fraction,sand fraction,http://qudt.org/vocab/unit#KilogramPerCubicMeter | http://registry.it.csiro.au/def/environment/unit/MilligramsPerLitre,Kilogram Per Cubic Meter | Milligrams Per Litre
sea surface elevation,http://registry.it.csiro.au/def/environment/property/sea_surface_elevation,sea surface elevation,http://qudt.org/vocab/unit#Meter,Meter
sea water density,http://registry.it.csiro.au/def/environment/property/sea_water_density,sea water density,http://qudt.org/vocab/unit#KilogramPerCubicMeter,Kilogram Per Cubic Meter
sea water potential density,http://registry.it.csiro.au/def/environment/property/sea_water_potential_density,sea water potential density,http://qudt.org/vocab/unit#KilogramPerCubicMeter,Kilogram Per Cubic Meter
sea water temperature,http://registry.it.csiro.au/def/environment/property/sea_water_temperature,sea water temperature,http://qudt.org/vocab/unit#DegreeCelsius,Degree Celsius
eastward sea water current,http://registry.it.csiro.au/def/environment/property/sea_water_velocity_eastward,eastward sea water current,http://qudt.org/vocab/unit#MeterPerSecond,Meter Per Second
northward sea water current,http://registry.it.csiro.au/def/environment/property/sea_water_velocity_northward,northward sea water current,http://qudt.org/vocab/unit#MeterPerSecond,Meter Per Second
upward sea water current,http://registry.it.csiro.au/def/environment/property/sea_water_velocity_upward,upward sea water current,http://qudt.org/vocab/unit#MeterPerSecond,Meter Per Second
sec butylbenzene concentration,http://registry.it.csiro.au/def/environment/property/sec-butylbenzene_concentration,sec-butylbenzene concentration,http://registry.it.csiro.au/def/environment/unit/MilligramsPerLitre,Milligrams Per Litre
selenium concentration,http://registry.it.csiro.au/def/environment/property/selenium_concentration,selenium concentration,http://registry.it.csiro.au/def/environment/unit/MilligramsPerLitre,Milligrams Per Litre
semi volatile organic compound concentration,http://registry.it.csiro.au/def/environment/property/semi-volatile_organic_compound_concentration,semi-volatile organic compound concentration,,
silicate as si concentration,http://registry.it.csiro.au/def/environment/property/silicate_Si_concentration,silicate as Si concentration,,
silicate as sio2 concentration,http://registry.it.csiro.au/def/environment/property/silicate_as_SiO2_concentration,silicate as SiO2 concentration,,
silicon concentration,http://registry.it.csiro.au/def/environment/property/silicon_concentration,silicon concentration,http://registry.it.csiro.au/def/environment/unit/MilligramsPerLitre,Milligrams Per Litre
silicon dioxide concentration,http://registry.it.csiro.au/def/environment/property/silicon_dioxide_concentration,silicon dioxide concentration,http://registry.it.csiro.au/def/environment/unit/MilligramsPerLitre,Milligrams Per Litre
silt fraction,http://registry.it.csiro.au/def/environment/property/silt_fraction,silt fraction,http://registry.it.csiro.au/def/environment/unit/MilligramsPerLitre | http://qudt.org/vocab/unit#KilogramPerCubicMeter,Milligrams Per Litre | Kilogram Per Cubic Meter
silver concentration,http://registry.it.csiro.au/def/environment/property/silver_concentration,silver concentration,http://registry.it.csiro.au/def/environment/unit/MilligramsPerLitre,Milligrams Per Litre
water sodium adsorption ratio,http://registry.it.csiro.au/def/environment/property/sodium_adsorption-ratio_water,water sodium adsorption ratio,http://qudt.org/vocab/unit#Unitless,Unitless
sodium concentration,http://registry.it.csiro.au/def/environment/property/sodium_concentration,sodium concentration,http://registry.it.csiro.au/def/environment/unit/MilligramsPerKilogram | http://registry.it.csiro.au/def/environment/unit/MilligramsPerLitre,Milligrams Per Kilogram | Milligrams Per Litre
dissolved organic matter,http://registry.it.csiro.au/def/environment/property/solids-dissolved_organic,dissolved organic matter,,
dissolved volatile solids,http://registry.it.csiro.au/def/environment/property/solids-dissolved_volatile,dissolved volatile solids,,
total fixed solids,http://registry.it.csiro.au/def/environment/property/solids-fixed,total fixed solids,,
fixed dissolved solids,http://registry.it.csiro.au/def/environment/property/solids-fixed_dissolved,fixed dissolved solids,,
fixed suspended solids,http://registry.it.csiro.au/def/environment/property/solids-fixed_suspended,fixed suspended solids,,
suspended volatile solids,http://registry.it.csiro.au/def/environment/property/solids-suspended_volatile,suspended volatile solids,,
total solids,http://registry.it.csiro.au/def/environment/property/solids-total,total solids,,
total dissolved solids,http://registry.it.csiro.au/def/environment/property/solids-total_dissolved,total dissolved solids,http://registry.it.csiro.au/def/environment/unit/MilligramsPerLitre,Milligrams Per Litre
fine total suspended solids,http://registry.it.csiro.au/def/environment/property/solids-total_fine_suspended,fine total suspended solids,http://registry.it.csiro.au/def/environment/unit/MilligramsPerLitre | http://qudt.org/vocab/unit#KilogramPerCubicMeter,Milligrams Per Litre | Kilogram Per Cubic Meter
total suspended solids,http://registry.it.csiro.au/def/environment/property/solids-total_suspended,total suspended solids,http://registry.it.csiro.au/def/environment/unit/MilligramsPerLitre,Milligrams Per Litre
total volatile solids,http://registry.it.csiro.au/def/environment/property/solids-total_volatile,total volatile solids,,
streptococcus concentration,http://registry.it.csiro.au/def/environment/property/streptococcus_concentration,streptococcus concentration,,
strontium concentration,http://registry.it.csiro.au/def/environment/property/strontium_concentration,strontium concentration,http://registry.it.csiro.au/def/environment/unit/MilligramsPerLitre,Milligrams Per Litre
styrene concentration,http://registry.it.csiro.au/def/environment/property/styrene_concentration,styrene concentration,http://registry.it.csiro.au/def/environment/unit/MilligramsPerLitre | http://registry.it.csiro.au/def/environment/unit/MicrogramsPerLitre,Milligrams Per Litre | Micrograms Per Litre
sulfate as s concentration,http://registry.it.csiro.au/def/environment/property/sulfate_as_S_concentration,sulfate as S concentration,http://registry.it.csiro.au/def/environment/unit/MilligramsPerLitre,Milligrams Per Litre
sulphate concentration or sulfate concentration,http://registry.it.csiro.au/def/environment/property/sulfate_concentration,sulphate concentration | sulfate concentration,,
sulphide as s concentration or sulfide as s concentration,http://registry.it.csiro.au/def/environment/property/sulfide_as_S_concentration,sulphide as S concentration | sulfide as S concentration,,
sulfide concentration or sulphide concentration,http://registry.it.csiro.au/def/environment/property/sulfide_concentration,sulfide concentration | sulphide concentration,http://registry.it.csiro.au/def/environment/unit/MilligramsPerLitre,Milligrams Per Litre
sulfite as s concentration or sulphite as s concentration,http://registry.it.csiro.au/def/environment/property/sulfite_as_S_concentration,sulfite as S concentration | sulphite as S concentration,,
sulfite concentration or sulphite concentration,http://registry.it.csiro.au/def/environment/property/sulfite_concentration,sulfite concentration | sulphite concentration,,
sulphur concentration or sulfur concentration,http://registry.it.csiro.au/def/environment/property/sulfur_concentration,sulphur concentration | sulfur concentration,http://registry.it.csiro.au/def/environment/unit/MilligramsPerLitre,Milligrams Per Litre
sulphur dioxide concentration or sulfur dioxide concentration,http://registry.it.csiro.au/def/environment/property/sulfur_dioxide_concentration,sulphur dioxide concentration | sulfur dioxide concentration,,
organic sulphur concentration or organic sulfur concentration,http://registry.it.csiro.au/def/environment/property/sulfur_organic_concentration,organic sulphur concentration | organic sulfur concentration,,
tellurium concentration,http://registry.it.csiro.au/def/environment/property/tellurium_concentration,tellurium concentration,http://registry.it.csiro.au/def/environment/unit/MilligramsPerLitre | http://registry.it.csiro.au/def/environment/unit/MicrogramsPerLitre,Milligrams Per Litre | Micrograms Per Litre
terbium concentration,http://registry.it.csiro.au/def/environment/property/terbium_concentration,terbium concentration,http://registry.it.csiro.au/def/environment/unit/MilligramsPerLitre | http://registry.it.csiro.au/def/environment/unit/MicrogramsPerLitre,Milligrams Per Litre | Micrograms Per Litre
4 terphenyl d14 concentration,http://registry.it.csiro.au/def/environment/property/terphenyl_4_d14_concentration,4-terphenyl-d14 concentration,http://registry.it.csiro.au/def/environment/unit/MilligramsPerLitre,Milligrams Per Litre
tert butylbenzene concentration,http://registry.it.csiro.au/def/environment/property/tert-butylbenzene_concentration,tert-butylbenzene concentration,http://registry.it.csiro.au/def/environment/unit/MilligramsPerLitre,Milligrams Per Litre
1 1 1 2 tetrachloroethane concentration,http://registry.it.csiro.au/def/environment/property/tetrachloroethane_1112_concentration,"1,1,1,2-tetrachloroethane concentration",http://registry.it.csiro.au/def/environment/unit/MilligramsPerLitre,Milligrams Per Litre
1 1 2 2 tetrachloroethane concentration,http://registry.it.csiro.au/def/environment/property/tetrachloroethane_1122_concentration,"1,1,2,2-tetrachloroethane concentration",http://registry.it.csiro.au/def/environment/unit/MilligramsPerLitre,Milligrams Per Litre
tetrachloroethene concentration,http://registry.it.csiro.au/def/environment/property/tetrachloroethene_concentration,tetrachloroethene concentration,http://registry.it.csiro.au/def/environment/unit/MicrogramsPerLitre | http://registry.it.csiro.au/def/environment/unit/MilligramsPerLitre,Micrograms Per Litre | Milligrams Per Litre
tetrachloromethane concentration,http://registry.it.csiro.au/def/environment/property/tetrachloromethane_concentration,tetrachloromethane concentration,http://registry.it.csiro.au/def/environment/unit/MicrogramsPerLitre | http://registry.it.csiro.au/def/environment/unit/MilligramsPerLitre,Micrograms Per Litre | Milligrams Per Litre
thallium concentration,http://registry.it.csiro.au/def/environment/property/thallium_concentration,thallium concentration,http://registry.it.csiro.au/def/environment/unit/MicrogramsPerLitre | http://registry.it.csiro.au/def/environment/unit/MilligramsPerLitre,Micrograms Per Litre | Milligrams Per Litre
thorium concentration,http://registry.it.csiro.au/def/environment/property/thorium_concentration,thorium concentration,http://registry.it.csiro.au/def/environment/unit/MicrogramsPerLitre | http://registry.it.csiro.au/def/environment/unit/MilligramsPerLitre,Micrograms Per Litre | Milligrams Per Litre
thulium concentration,http://registry.it.csiro.au/def/environment/property/thulium_concentration,thulium concentration,http://registry.it.csiro.au/def/environment/unit/MilligramsPerLitre | http://registry.it.csiro.au/def/environment/unit/MicrogramsPerLitre,Milligrams Per Litre | Micrograms Per Litre
tin concentration,http://registry.it.csiro.au/def/environment/property/tin_concentration,tin concentration,http://registry.it.csiro.au/def/environment/unit/MilligramsPerLitre,Milligrams Per Litre
titanium concentration,http://registry.it.csiro.au/def/environment/property/titanium_concentration,titanium concentration,http://registry.it.csiro.au/def/environment/unit/MilligramsPerLitre,Milligrams Per Litre
toluene concentration,http://registry.it.csiro.au/def/environment/property/toluene_concentration,toluene concentration,http://registry.it.csiro.au/def/environment/unit/MicrogramsPerLitre | http://registry.it.csiro.au/def/environment/unit/MilligramsPerLitre,Micrograms Per Litre | Milligrams Per Litre
toluene d8 concentration,http://registry.it.csiro.au/def/environment/property/toluene_d8_concentration,toluene-d8 concentration,http://registry.it.csiro.au/def/environment/unit/MilligramsPerLitre,Milligrams Per Litre
bacteria total plate count,http://registry.it.csiro.au/def/environment/property/total_plate_count,bacteria total plate count,http://registry.it.csiro.au/def/environment/unit/ColonyFormingUnitPerLitre,Colony Forming Unit Per Litre
total sediment thickness,http://registry.it.csiro.au/def/environment/property/total_sediment_thickness,total sediment thickness,http://qudt.org/vocab/unit#Meter,Meter
trace element observable properties@en,http://registry.it.csiro.au/def/environment/property/trace_element_observables,trace element observable properties@en,,
trans 1 2 dichloroethene concentration,http://registry.it.csiro.au/def/environment/property/trans-12-dichloroethene_concentration,"trans-1,2-dichloroethene concentration",http://registry.it.csiro.au/def/environment/unit/MilligramsPerLitre,Milligrams Per Litre
trans 1 4 dichloro 2 butene concentration,http://registry.it.csiro.au/def/environment/property/trans-14-dichloro-2-butene_concentration,"trans-1,4-dichloro-2-butene concentration",http://registry.it.csiro.au/def/environment/unit/MilligramsPerLitre,Milligrams Per Litre
trans 1 3 dichloropropene concentration,http://registry.it.csiro.au/def/environment/property/trans_13_dichloropropene_concentration,"trans 1,3-dichloropropene concentration",http://registry.it.csiro.au/def/environment/unit/MilligramsPerLitre,Milligrams Per Litre
transition metal concentration,http://registry.it.csiro.au/def/environment/property/transition_metal_concentration,transition metal concentration,,
tribromomethane concentration,http://registry.it.csiro.au/def/environment/property/tribromomethane_concentration,tribromomethane concentration,http://registry.it.csiro.au/def/environment/unit/MilligramsPerLitre | http://registry.it.csiro.au/def/environment/unit/MicrogramsPerLitre,Milligrams Per Litre | Micrograms Per Litre
2 4 6 tribromophenol concentration,http://registry.it.csiro.au/def/environment/property/tribromophenol_246_concentration,"2,4,6-tribromophenol concentration",http://registry.it.csiro.au/def/environment/unit/MilligramsPerLitre,Milligrams Per Litre
1 2 3 trichlorobenzene concentration,http://registry.it.csiro.au/def/environment/property/trichlorobenzene-123_concentration,"1,2,3-trichlorobenzene concentration",http://registry.it.csiro.au/def/environment/unit/MilligramsPerLitre | http://registry.it.csiro.au/def/environment/unit/MicrogramsPerLitre,Milligrams Per Litre | Micrograms Per Litre
1 2 4 trichlorobenzene concentration,http://registry.it.csiro.au/def/environment/property/trichlorobenzene-124_concentration,"1,2,4-trichlorobenzene concentration",http://registry.it.csiro.au/def/environment/unit/MicrogramsPerLitre | http://registry.it.csiro.au/def/environment/unit/MilligramsPerLitre,Micrograms Per Litre | Milligrams Per Litre
trichlorobenzene concentration,http://registry.it.csiro.au/def/environment/property/trichlorobenzene_concentration,trichlorobenzene concentration,http://registry.it.csiro.au/def/environment/unit/MilligramsPerLitre | http://registry.it.csiro.au/def/environment/unit/MicrogramsPerLitre,Milligrams Per Litre | Micrograms Per Litre
1 1 1 trichloroethane concentration,http://registry.it.csiro.au/def/environment/property/trichloroethane_111_concentration,"1,1,1-trichloroethane concentration",http://registry.it.csiro.au/def/environment/unit/MilligramsPerLitre | http://registry.it.csiro.au/def/environment/unit/MicrogramsPerLitre,Milligrams Per Litre | Micrograms Per Litre
1 1 2 trichloroethane concentration,http://registry.it.csiro.au/def/environment/property/trichloroethane_112_concentration,"1,1,2-trichloroethane concentration",http://registry.it.csiro.au/def/environment/unit/MilligramsPerLitre | http://registry.it.csiro.au/def/environment/unit/MicrogramsPerLitre,Milligrams Per Litre | Micrograms Per Litre
trichloroethene concentration,http://registry.it.csiro.au/def/environment/property/trichloroethene_concentration,trichloroethene concentration,http://registry.it.csiro.au/def/environment/unit/MicrogramsPerLitre | http://registry.it.csiro.au/def/environment/unit/MilligramsPerLitre,Micrograms Per Litre | Milligrams Per Litre
trichlorofluoromethane concentration,http://registry.it.csiro.au/def/environment/property/trichlorofluoromethane_concentration,trichlorofluoromethane concentration,http://registry.it.csiro.au/def/environment/unit/MilligramsPerLitre,Milligrams Per Litre
2 4 5 trichlorophenol concentration,http://registry.it.csiro.au/def/environment/property/trichlorophenol_245_concentration,"2,4,5-trichlorophenol concentration",http://registry.it.csiro.au/def/environment/unit/MilligramsPerLitre,Milligrams Per Litre
2 4 6 trichlorophenol concentration,http://registry.it.csiro.au/def/environment/property/trichlorophenol_246_concentration,"2,4,6-trichlorophenol concentration",http://registry.it.csiro.au/def/environment/unit/MicrogramsPerLitre | http://registry.it.csiro.au/def/environment/unit/MilligramsPerLitre,Micrograms Per Litre | Milligrams Per Litre
1 2 3 trichloropropane concentration,http://registry.it.csiro.au/def/environment/property/trichloropropane_123_concentration,"1,2,3-trichloropropane concentration",http://registry.it.csiro.au/def/environment/unit/MilligramsPerLitre,Milligrams Per Litre
trihalomethane concentration,http://registry.it.csiro.au/def/environment/property/trihalomethane_concentration,trihalomethane concentration,http://registry.it.csiro.au/def/environment/unit/MilligramsPerLitre | http://registry.it.csiro.au/def/environment/unit/MicrogramsPerLitre,Milligrams Per Litre | Micrograms Per Litre
1 2 4 trimethylbenzene concentration,http://registry.it.csiro.au/def/environment/property/trimethylbenzene-124_concentration,"1,2,4-trimethylbenzene concentration",http://registry.it.csiro.au/def/environment/unit/MilligramsPerLitre,Milligrams Per Litre
1 3 5 trimethylbenzene concentration,http://registry.it.csiro.au/def/environment/property/trimethylbenzene-135_concentration,"1,3,5-trimethylbenzene concentration",http://registry.it.csiro.au/def/environment/unit/MilligramsPerLitre,Milligrams Per Litre
tritium concentration,http://registry.it.csiro.au/def/environment/property/tritium_concentration,tritium concentration,,
water turbidity,http://registry.it.csiro.au/def/environment/property/turbidity-water,water turbidity,http://qudt.org/vocab/unit#NephelometricTurbidityUnit,Nephelometric Turbidity Unit
secchi depth turbidity,http://registry.it.csiro.au/def/environment/property/turbidity_Secchi_depth,Secchi depth - turbidity,http://qudt.org/vocab/unit#Meter,Meter
uranium concentration,http://registry.it.csiro.au/def/environment/property/uranium_concentration,uranium concentration,http://registry.it.csiro.au/def/environment/unit/MilligramsPerLitre | http://registry.it.csiro.au/def/environment/unit/MicrogramsPerLitre,Milligrams Per Litre | Micrograms Per Litre
vanadium concentration,http://registry.it.csiro.au/def/environment/property/vanadium_concentration,vanadium concentration,http://registry.it.csiro.au/def/environment/unit/MilligramsPerLitre,Milligrams Per Litre
volatile organic compound concentration,http://registry.it.csiro.au/def/environment/property/volatile_organic_compound_concentration,volatile organic compound concentration,,
water density,http://registry.it.csiro.au/def/environment/property/water_density,water density,http://qudt.org/vocab/unit#KilogramPerCubicMeter,Kilogram Per Cubic Meter
water temperature,http://registry.it.csiro.au/def/environment/property/water_temperature,water temperature,http://qudt.org/vocab/unit#DegreeCelsius,Degree Celsius
xylene concentration,http://registry.it.csiro.au/def/environment/property/xylene_concentration,xylene concentration,,
ytterbium concentration,http://registry.it.csiro.au/def/environment/property/ytterbium_concentration,ytterbium concentration,http://registry.it.csiro.au/def/environment/unit/MilligramsPerLitre | http://registry.it.csiro.au/def/environment/unit/MicrogramsPerLitre,Milligrams Per Litre | Micrograms Per Litre
yttrium concentration,http://registry.it.csiro.au/def/environment/property/yttrium_concentration,yttrium concentration,http://registry.it.csiro.au/def/environment/unit/MicrogramsPerLitre | http://registry.it.csiro.au/def/environment/unit/MilligramsPerLitre,Micrograms Per Litre | Milligrams Per Litre
zinc concentration,http://registry.it.csiro.au/def/environment/property/zinc_concentration,zinc concentration,http://registry.it.csiro.au/def/environment/unit/MicrogramsPerLitre | http://registry.it.csiro.au/def/environment/unit/MilligramsPerLitre,Micrograms Per Litre | Milligrams Per Litre
zirconium concentration,http://registry.it.csiro.au/def/environment/property/zirconium_concentration,zirconium concentration,http://registry.it.csiro.au/def/environment/unit/MilligramsPerLitre,Milligrams Per Litre
